algo,seed,backbone,readout,embb_p5_mbps_normal,embb_p5_mbps_d2a,embb_p5_mbps_d2b,timely_throughput_mbps_normal,timely_throughput_mbps_d2a,timely_throughput_mbps_d2b,sla_satisfaction_pct_normal,sla_satisfaction_pct_d2a,sla_satisfaction_pct_d2b,cos_embedding,cos_obs_reference
gnn-madqn_gat,42,gat,argmax,1.880298575,0.5799866666439593,1.878893575,69.53459120873332,71.31602274422656,69.57824540483814,91.59022871227972,93.77236957529246,91.7076125800086,1.000000238418579,0.8439927256555645
gnn-madqn_gat,43,gat,argmax,1.9038206250000003,1.3533886376367568,1.9038206250000003,68.35086391438608,68.35062057830167,68.35086391438608,90.00936703158627,90.00936703158627,90.00936703158627,1.0000001192092896,0.8147491264502644
gnn-madqn_gat,44,gat,argmax,3.8358570098876955e-05,5.557728779315949e-06,3.8358570098876955e-05,62.74731537248641,61.452316399938944,62.74731537248641,83.45574906372335,82.60025390352818,83.45574906372335,0.9999998211860657,0.9692149370377982
gnn-madqn_gat,45,gat,argmax,3.8590609359741216e-05,3.2720416635274883e-06,3.8581311798095706e-05,69.44676436869918,70.80418169511617,69.16620717813551,91.33421449024613,93.14234317123814,90.94494456766694,0.9999953508377075,0.9715303411155863
gnn-madqn_gat,46,gat,argmax,3.8358570098876955e-05,3.2986651980876925e-06,3.8358570098876955e-05,70.30914539933565,70.9403610365435,70.2889540675039,92.34809450957181,93.08439311894018,92.33313246739985,1.0,0.9746698078638165
gnn-madqn_sage,42,sage,argmax,1.2879929627498625,1.8859185750000003,,70.15865878804237,70.20521357094275,,92.22807535178327,92.2295320419531,,0.9972468614578247,0.8421384457187358
gnn-madqn_sage,43,sage,argmax,1.9002935,1.156286085367465,,69.12113807800829,69.38833474715571,,90.91037408140305,91.22830771678352,,0.9980664253234863,0.8115109304415551
gnn-madqn_sage,44,sage,argmax,1.8939943,1.9071876875,,68.53797232858732,62.28916787278464,,90.15171284585765,83.50813212775049,,0.9965947866439819,0.8318279874884572
gnn-madqn_sage,45,sage,argmax,1.9039156250000002,0.9667817835210085,,68.39348364066741,68.87997056510486,,90.06460439446015,90.59264905795968,,0.9985149502754211,0.8141852524947308
gnn-madqn_sage,46,sage,argmax,1.8981884999999998,1.93447,,69.12946566869093,68.60713077343947,,90.92119309585851,90.17099940309221,,0.9463518857955933,0.8115934125486696
gnn-mappo_gat,42,gat,sampled,5.323336470127105e-06,5.342271173000336e-06,5.3410209035873414e-06,71.4043808640381,70.20993054238757,71.33620596706734,93.97285710905031,92.33058185401988,93.88177510450188,1.0,0.9097692333905153
gnn-mappo_gat,43,gat,sampled,6.257165364027024e-06,6.220744607448578e-06,6.257165364027024e-06,70.91224367513706,70.76919638945485,70.90612123278108,93.32250639448799,93.22538427737088,93.31777501138296,1.0,0.9843566494229302
gnn-mappo_gat,44,gat,sampled,1.5732190640625,1.573314405625,1.5732190640625,70.70527141111333,70.67245661337616,70.70527141111333,93.27528773430143,93.21344939637615,93.27528773430143,1.0,0.9843601693582379
gnn-mappo_gat,45,gat,sampled,4.453637021780015e-06,4.5667525899410256e-06,4.453637021780015e-06,71.16057374130469,71.0741290077022,71.16057374130469,94.00762916542962,93.89433019286406,94.00762916542962,0.9999998807907104,0.9843601693582379
gnn-mappo_gat,46,gat,sampled,5.7294623565673835e-06,5.686668993234635e-06,5.728138422966005e-06,70.58058390078054,70.68161516881011,70.59971591657637,92.86787665518203,93.00809403700798,92.89695897420813,1.0,0.7955492280642946
gnn-mappo_gat,47,gat,sampled,6.518479168415069e-06,6.4088985967636105e-06,6.518479168415069e-06,70.6998875712635,70.63064468859969,70.6998875712635,92.88525982409882,92.81754921496959,92.88525982409882,1.0,0.8443929039128026
gnn-mappo_gat,48,gat,sampled,4.504521013498307e-06,4.473756315112114e-06,4.504521013498307e-06,72.27177859005522,72.20076881083828,72.27177859005522,95.14845458643333,95.03039388199474,95.14845458643333,1.0,0.9843601693582379
gnn-mappo_gat,49,gat,sampled,6.3209767377376555e-06,6.276468358039855e-06,6.337878769636153e-06,70.22009083919724,70.69505014371195,70.29190695341192,92.35754449229668,93.01211815805877,92.45237685682334,0.9999998807907104,0.8115109304415551
gnn-mappo_gat,50,gat,sampled,1.4480056456250001,1.447962288125,1.4480056456250001,72.10887115548141,72.1729503862575,72.10887115548141,94.73862713859026,94.7587058467641,94.73862713859026,1.0,0.8625416944578493
gnn-mappo_gat,51,gat,sampled,4.244219506978989e-06,4.51101742744446e-06,4.244219506978989e-06,70.85826747824485,70.83088860045812,70.85826747824485,93.27070912862742,93.23425962082953,93.27070912862742,1.0,0.8115934125486696
gnn-mappo_gat,52,gat,sampled,5.0908149981498715e-06,5.110312403440475e-06,5.0908149981498715e-06,72.05959049678803,72.14174812255432,72.05936506374749,94.83042520288856,95.0068897679665,94.83025827748752,1.0,0.9843601693582379
gnn-mappo_gat,53,gat,sampled,7.3468762707710274e-06,7.327002232074738e-06,7.340062673091889e-06,71.01552110172156,70.2863792081084,71.00848087015747,93.47314618105683,92.48806860586232,93.46032258327686,1.0,0.9715873529474661
gnn-mappo_gat,54,gat,sampled,1.0409191123988109,0.9081361450445555,1.040949932086311,72.51793425834721,72.52734528373153,72.49694942113538,95.18687518330293,95.19475991755913,95.1591655667306,1.0,0.9843601693582379
gnn-mappo_gat,55,gat,sampled,0.5716796891039035,0.7227027481460218,0.5716797829570577,70.9769795152851,71.45557577552567,70.97361502900993,93.43367516140916,94.04997234153373,93.43434570947217,1.0,0.9711683692621212
gnn-mappo_gat,56,gat,sampled,5.409148108959198e-06,5.453272436857224e-06,5.4075583481788635e-06,71.11974016769439,70.96199528581955,71.14594622331182,93.57304164920679,93.38391019256937,93.60752962288329,1.0,0.8334481994905376
gnn-mappo_gat,57,gat,sampled,0.18940063928225756,0.1904910388268924,0.18940064706636667,70.98654498759656,71.48685377395506,70.98009495441156,93.5522343476687,94.0448155053287,93.54327261506606,1.0,0.8582808955007677
gnn-mappo_gat,58,gat,sampled,2.585561130642891e-06,2.578941305279732e-06,2.585561130642891e-06,71.5390420920017,71.48728305748122,71.5390420920017,94.23075323307127,94.17096358380323,94.23075323307127,1.000000238418579,0.9762414730224901
gnn-mappo_gat,59,gat,sampled,7.285300679206848e-06,7.2587834191322345e-06,7.285300679206848e-06,69.11334263126997,69.2672952999263,69.11334263126997,91.3236644158972,91.47555566984406,91.3236644158972,1.0,0.7975836609692323
gnn-mappo_gat,60,gat,sampled,1.6086904118749998,1.6091923546874998,1.6086904118749998,70.14577210973914,70.13236268723576,70.14577210973914,92.20453587472518,92.18969478426514,92.20453587472518,0.9999998807907104,0.8274042320677013
gnn-mappo_gat,61,gat,sampled,6.175769163370133e-06,6.383252756595611e-06,6.184093381166458e-06,71.39527653637825,70.58013594774158,71.3865615628769,93.97385802182181,92.88059050535367,93.96203475509877,1.0,0.8588130624645082
gnn-mappo_sage,42,sage,sampled,2.854255394041538e-06,3.323601915836334e-06,,72.19241989398651,72.17888453271146,,94.82356035437442,95.01609358061215,,0.9998238682746887,0.9757285463752347
gnn-mappo_sage,43,sage,sampled,4.608101652860642e-06,5.333364824056626e-06,,71.98821113963805,71.31379930059042,,94.71604134907129,93.83965776304373,,0.9997183680534363,0.9843601693582379
gnn-mappo_sage,44,sage,sampled,5.956760848760606e-06,5.814045637845994e-06,,70.9257053249656,70.68653716494117,,93.30009875176987,93.01014817107554,,0.9994465708732605,0.978870590721779
gnn-mappo_sage,45,sage,sampled,3.74473935008049e-06,3.9499873164296156e-06,,71.83887801596691,71.80659364839357,,94.53325320452576,94.50090434267949,,0.9995642900466919,0.9839305984313468
gnn-mappo_sage,46,sage,sampled,4.6839584898948675e-06,5.582375141382217e-06,,70.96696974660755,70.67658613510855,,93.3857199885122,93.02615513855824,,0.9916974306106567,0.8806733386709901
gnn-mappo_sage,47,sage,sampled,4.644832412600518e-06,4.695936265587806e-06,,72.79457246583333,71.7223336996777,,95.84210646752283,94.47233553461903,,0.9996381998062134,0.9843601693582379
gnn-mappo_sage,48,sage,sampled,4.434414729177951e-06,4.312287735939025e-06,,71.85957622852587,71.43928062894159,,94.6203221947155,94.12694181895914,,0.999858021736145,0.9836254544537635
gnn-mappo_sage,49,sage,sampled,4.938088963031768e-06,6.132236921787263e-06,,71.07469864348855,70.87534567511675,,93.54693648587366,93.27110382544768,,0.998729407787323,0.9762699745171991
gnn-mappo_sage,50,sage,sampled,1.070321793562179,5.986499537229539e-06,,71.5715384257995,70.47130200293111,,94.16395844143804,92.70925451508916,,0.9994667172431946,0.9843601693582379
gnn-mappo_sage,51,sage,sampled,4.388408254384994e-06,5.801113938093185e-06,,71.19533857773635,70.63547452696268,,93.80429670956083,92.99483359025722,,0.9992104768753052,0.9843566494229302
gnn-mappo_sage,52,sage,sampled,4.944177730083465e-06,5.839420835971833e-06,,70.89097913819111,70.68483543448968,,93.25323113111678,93.0188748743858,,0.9677528142929077,0.8537915661010871
gnn-mappo_sage,53,sage,sampled,3.0989429518580437e-06,3.8612214720249175e-06,,71.68061025115463,71.07056912666236,,94.36388797942689,93.50120861904979,,0.9910170435905457,0.8437633240464344
gnn-mappo_sage,54,sage,sampled,3.6894730818271646e-06,5.6221500575542456e-06,,71.63763396761792,71.16214388081164,,94.29840282908935,93.73543465832603,,0.9996776580810547,0.9762414730224901
gnn-mappo_sage,55,sage,sampled,4.355155279636384e-06,5.761593821048738e-06,,71.20988317820057,70.55322658653937,,93.83082868219351,92.85451643343745,,0.9556881785392761,0.7980948886309402
gnn-mappo_sage,56,sage,sampled,3.0764171832799915e-06,5.3067418217658986e-06,,71.81314485367028,71.16542038320287,,94.38748116435136,93.64990495470065,,0.9995948672294617,0.9762414730224901
gnn-mappo_sage,57,sage,sampled,5.521798491477967e-06,6.053380025625229e-06,,70.66455393388178,70.69107408314684,,93.00438269927136,93.04287254202391,,0.9841094017028809,0.8365723964569645
gnn-mappo_sage,58,sage,sampled,4.247861349582673e-06,5.44361518740654e-06,,70.84949987470648,70.77613787688992,,93.24421681957597,93.15030533205604,,0.9607422947883606,0.8393296468198945
gnn-mappo_sage,59,sage,sampled,5.393639926910401e-06,5.723134815692902e-06,,71.53762236179618,71.10665076451485,,94.22567090756502,93.58927684157754,,0.9996321797370911,0.9843601693582379
gnn-mappo_sage,60,sage,sampled,4.303471833765507e-06,3.2006445035338405e-06,,71.98365908698524,71.99557952910995,,94.95754285751373,94.78429996310102,,0.9998366236686707,0.9841496897812894
gnn-mappo_sage,61,sage,sampled,5.552513922452926e-06,6.124728914499282e-06,,70.59622651270239,70.48735406912624,,92.82427942673351,92.72113902153322,,0.9932740926742554,0.844827070427861
