algo,seed,arm,episode,mode_share_mean,unanimous_frac,all_actions_constant,action_spearman_mean,sinr_corr_mean,timely_throughput_mbps,embb_p5_mbps,path_agreement_gap
gnn-mappo_gat,42,greedy,0,1.0,1.0,0.0,0.9999999999999998,0.9999999999999984,15.140367076121189,1.938,0.0
gnn-mappo_gat,42,greedy,1,1.0,1.0,0.0,1.0,0.9999879189535434,19.116861131644942,1.709305,0.0
gnn-mappo_gat,42,greedy,2,1.0,1.0,0.0,1.0,0.9999999484996502,28.552048297522877,3.9579315185546873e-05,0.0
gnn-mappo_gat,42,greedy,3,1.0,1.0,0.0,1.0,0.9999999233843221,44.73387057733313,3.952708053588867e-05,0.0
gnn-mappo_gat,42,greedy,4,1.0,1.0,0.0,1.0,0.9999999980796963,70.3341509353546,3.803137969970703e-05,0.0
gnn-mappo_gat,42,greedy,5,0.997,0.99,0.0,0.9921516786409104,0.9996789671633415,75.93274392922115,3.755403137207031e-05,0.0
gnn-mappo_gat,42,greedy,6,1.0,1.0,0.0,1.0,0.9999999985788449,75.74538393079048,3.823892211914062e-05,0.0
gnn-mappo_gat,42,greedy,7,1.0,1.0,0.0,1.0,0.9999991132849552,28.857787608907753,4.315902709960937e-05,0.0
gnn-mappo_gat,42,greedy,8,0.996,0.99,0.0,0.9836308145448663,0.999698957327132,75.36573421182713,4.13531379699707e-05,0.0
gnn-mappo_gat,42,greedy,9,1.0,1.0,0.0,0.9999999999999998,1.0,14.72070241605863,1.934,0.0
gnn-mappo_gat,42,sampled,0,0.37500000000000006,0.0,0.0,-0.0017039499728227266,0.4831837719984368,63.79051942455895,3.0367539286613464e-06,0.0
gnn-mappo_gat,42,sampled,1,0.359,0.0,0.0,0.0025724024039289776,0.19842326517315195,69.51322350362294,4.993045473098755e-06,0.0
gnn-mappo_gat,42,sampled,2,0.3560000000000001,0.0,0.0,-0.027055953571288517,0.09264975024993075,75.76569227989756,4.614978885650634e-06,0.0
gnn-mappo_gat,42,sampled,3,0.35200000000000004,0.0,0.0,0.014979456848864935,0.4859481357932361,74.35144348662084,3.85392599105835e-06,0.0
gnn-mappo_gat,42,sampled,4,0.34800000000000003,0.0,0.0,0.05028016282172108,0.5145802641871936,73.30974292552936,3.888736736774445e-06,0.0
gnn-mappo_gat,42,sampled,5,0.35700000000000004,0.0,0.0,-0.011427483728409035,0.24352363502151425,76.569858533857,7.506904220581055e-06,0.0
gnn-mappo_gat,42,sampled,6,0.345,0.0,0.0,-0.015331242538274248,0.2768887136668224,76.97080756108845,4.6910017251968385e-06,0.0
gnn-mappo_gat,42,sampled,7,0.3360000000000001,0.0,0.0,-0.02127123828696433,0.29581388769572825,71.25019611333569,9.027007341384887e-06,0.0
gnn-mappo_gat,42,sampled,8,0.34600000000000003,0.0,0.0,-0.020239995339112058,0.09532421466559478,76.76932936256152,6.932421588897706e-06,0.0
gnn-mappo_gat,42,sampled,9,0.37300000000000005,0.0,0.0,0.015533375613886753,0.4786271286039632,55.75299544930869,4.688588809967041e-06,0.0
gnn-mappo_gat,43,greedy,0,1.0,1.0,0.0,0.9999999999999998,0.9999999999999962,39.73153081585515,1.938,0.0
gnn-mappo_gat,43,greedy,1,1.0,1.0,0.0,0.9999999999999998,0.9999999999999964,0.27443666450304854,1.7201685,0.0
gnn-mappo_gat,43,greedy,2,1.0,1.0,0.0,1.0,0.9999999999999973,16.20129260888384,1.935,0.0
gnn-mappo_gat,43,greedy,3,0.9990000000000001,0.995,0.0,0.9921574571388181,0.973578130876259,23.15635586011416,1.92995,0.0
gnn-mappo_gat,43,greedy,4,1.0,1.0,0.0,1.0,0.9999999999999961,12.685751271755944,1.932,0.0
gnn-mappo_gat,43,greedy,5,0.996,0.99,0.0,0.927486904688833,0.7339455438139348,5.473464893271821,1.929,0.0
gnn-mappo_gat,43,greedy,6,1.0,1.0,0.0,1.0,0.9999999999999988,14.52182615456691,1.9339,0.0
gnn-mappo_gat,43,greedy,7,0.99,0.975,0.0,0.9162842279347775,0.8635052779647936,8.113424754820882,1.93595,0.0
gnn-mappo_gat,43,greedy,8,0.998,0.995,0.0,0.9778647540068167,0.9433839255633014,11.840471368405462,1.9389,0.0
gnn-mappo_gat,43,greedy,9,1.0,1.0,0.0,1.0,0.9999999999999947,45.85817029980082,1.934,0.0
gnn-mappo_gat,43,sampled,0,0.36200000000000004,0.0,0.0,-0.009243734461507851,0.4524717374477153,62.19944980011851,4.20511224269867e-06,0.0
gnn-mappo_gat,43,sampled,1,0.3550000000000001,0.0,0.0,0.010847357631530437,0.20390534562092816,66.59644454516499,5.540645003318787e-06,0.0
gnn-mappo_gat,43,sampled,2,0.35800000000000004,0.0,0.0,-0.03199179935838918,0.11218948197026832,75.89560134637289,6.038202953338624e-06,0.0
gnn-mappo_gat,43,sampled,3,0.35800000000000004,0.0,0.0,0.0028368822799692203,0.46440625833587834,74.47358272637602,6.388157486915589e-06,0.0
gnn-mappo_gat,43,sampled,4,0.358,0.0,0.0,0.06824980638305003,0.47311282477236494,73.17504088247443,3.892092716693878e-06,0.0
gnn-mappo_gat,43,sampled,5,0.37400000000000005,0.0,0.0,0.012376088815238107,0.26489195488446265,76.48512473243308,8.315485239028931e-06,0.0
gnn-mappo_gat,43,sampled,6,0.35200000000000004,0.0,0.0,-0.04780827316945584,0.24956854110661714,76.90775516587962,5.297353053092957e-06,0.0
gnn-mappo_gat,43,sampled,7,0.3440000000000001,0.0,0.0,-0.015939300327137373,0.3423358437498023,72.79016291417337,9.814483976364135e-06,0.0
gnn-mappo_gat,43,sampled,8,0.36200000000000004,0.0,0.0,-0.027394955458184034,0.11243399602230644,76.76930932199896,8.084183740615846e-06,0.0
gnn-mappo_gat,43,sampled,9,0.35100000000000003,0.0,0.0,-0.02390252376256165,0.47715229066996806,53.829965316378775,4.995937228202821e-06,0.0
gnn-mappo_gat,44,greedy,0,1.0,1.0,1.0,,,0.00020701223452085533,1.938,0.0
gnn-mappo_gat,44,greedy,1,1.0,1.0,1.0,,,0.0002049839756065497,1.7201685,0.0
gnn-mappo_gat,44,greedy,2,1.0,1.0,1.0,,,0.0001999474416383036,1.935,0.0
gnn-mappo_gat,44,greedy,3,1.0,1.0,1.0,,,0.00020117959056390974,1.92995,0.0
gnn-mappo_gat,44,greedy,4,1.0,1.0,1.0,,,0.00020166144801021845,1.932,0.0
gnn-mappo_gat,44,greedy,5,1.0,1.0,1.0,,,0.00019953999366633475,1.929,0.0
gnn-mappo_gat,44,greedy,6,1.0,1.0,1.0,,,0.0002026514995777966,1.9339,0.0
gnn-mappo_gat,44,greedy,7,1.0,1.0,1.0,,,0.0002043016479285881,1.93595,0.0
gnn-mappo_gat,44,greedy,8,1.0,1.0,1.0,,,0.0002092831396809962,1.9389,0.0
gnn-mappo_gat,44,greedy,9,1.0,1.0,1.0,,,0.0001954825702449882,1.934,0.0
gnn-mappo_gat,44,sampled,0,0.44,0.0,0.0,-0.015570275862626834,0.35048314779821754,62.979246251677665,0.8713156218750001,0.0
gnn-mappo_gat,44,sampled,1,0.439,0.0,0.0,0.015861217741207814,0.19626646074030796,72.0443655049287,0.6855240312500002,0.0
gnn-mappo_gat,44,sampled,2,0.44400000000000006,0.0,0.0,-0.016136437431382683,0.09550689401994145,73.5997297260888,1.908,0.0
gnn-mappo_gat,44,sampled,3,0.44400000000000006,0.005,0.0,0.013104635041434987,0.45933499560671753,71.40001317186102,1.911,0.0
gnn-mappo_gat,44,sampled,4,0.445,0.0,0.0,0.012277510155805403,0.49828378319576216,71.06680944798076,1.91095,0.0
gnn-mappo_gat,44,sampled,5,0.44000000000000006,0.0,0.0,0.00191717289937285,0.22894030562686685,74.83196106707932,1.90795,0.0
gnn-mappo_gat,44,sampled,6,0.4330000000000001,0.015,0.0,-0.049865757701083466,0.22863128348919776,76.36532474734828,1.91775,0.0
gnn-mappo_gat,44,sampled,7,0.42200000000000004,0.0,0.0,-0.01115436638242958,0.33637540206294736,73.03695942949518,1.9099,0.0
gnn-mappo_gat,44,sampled,8,0.44300000000000006,0.0,0.0,0.011757919282990964,0.15041837433446706,76.59315884446234,1.92995,0.0
gnn-mappo_gat,44,sampled,9,0.42700000000000005,0.0,0.0,-0.0006385388316535297,0.5060847410566554,55.1351459202113,0.7798509875,0.0
gnn-mappo_gat,45,greedy,0,1.0,1.0,1.0,,,0.00020701223452085533,1.938,0.0
gnn-mappo_gat,45,greedy,1,1.0,1.0,1.0,,,0.0002049839756065497,1.7201685,0.0
gnn-mappo_gat,45,greedy,2,1.0,1.0,1.0,,,0.0001999474416383036,1.935,0.0
gnn-mappo_gat,45,greedy,3,1.0,1.0,1.0,,,0.00020117959056390974,1.92995,0.0
gnn-mappo_gat,45,greedy,4,1.0,1.0,1.0,,,0.00020166144801021845,1.932,0.0
gnn-mappo_gat,45,greedy,5,1.0,1.0,1.0,,,0.00019953999366633475,1.929,0.0
gnn-mappo_gat,45,greedy,6,1.0,1.0,1.0,,,0.0002026514995777966,1.9339,0.0
gnn-mappo_gat,45,greedy,7,1.0,1.0,1.0,,,0.0002043016479285881,1.93595,0.0
gnn-mappo_gat,45,greedy,8,1.0,1.0,1.0,,,0.0002092831396809962,1.9389,0.0
gnn-mappo_gat,45,greedy,9,1.0,1.0,1.0,,,0.0001954825702449882,1.934,0.0
gnn-mappo_gat,45,sampled,0,0.467,0.005,0.0,0.021035898957468956,0.46608281840355525,63.24216445436509,2.319099426269531e-06,0.0
gnn-mappo_gat,45,sampled,1,0.457,0.01,0.0,0.05670231397507688,0.29973305143054774,71.07789892834899,4.8662611961364745e-06,0.0
gnn-mappo_gat,45,sampled,2,0.44900000000000007,0.0,0.0,-0.02163718701399939,0.09022748370177383,74.11460304559063,2.7269222378730773e-06,0.0
gnn-mappo_gat,45,sampled,3,0.44800000000000006,0.01,0.0,0.016373514090806424,0.38111143150828597,73.33969378172985,2.8946310400962832e-06,0.0
gnn-mappo_gat,45,sampled,4,0.4330000000000001,0.0,0.0,0.00589683498733287,0.4363800362714113,71.1634528534539,3.3216363787651064e-06,0.0
gnn-mappo_gat,45,sampled,5,0.452,0.0,0.0,0.03866998388197883,0.2552930436236237,75.0102101033511,6.7052217483520535e-06,0.0
gnn-mappo_gat,45,sampled,6,0.442,0.005,0.0,-0.014616035825297764,0.2848254491602469,76.29281925790856,4.184153723716736e-06,0.0
gnn-mappo_gat,45,sampled,7,0.44,0.0,0.0,-0.043755085792484646,0.27540104478610095,72.74675392414638,8.399402642250062e-06,0.0
gnn-mappo_gat,45,sampled,8,0.45000000000000007,0.0,0.0,-0.017924280289924235,0.14728120090175872,76.41339195148818,6.115889596939087e-06,0.0
gnn-mappo_gat,45,sampled,9,0.45,0.005,0.0,0.01369750021457498,0.4213450753557999,58.204749112664274,3.003152227401735e-06,0.0
gnn-mappo_gat,46,greedy,0,1.0,1.0,0.0,1.0,0.999999999999998,56.0917225173564,1.93595,0.0
gnn-mappo_gat,46,greedy,1,0.9990000000000001,0.995,0.0,0.994306411680143,0.99946983121424,60.13946061517117,1.657579,0.0
gnn-mappo_gat,46,greedy,2,1.0,1.0,0.0,0.9999999999999998,1.0,75.7801324448396,1.94,0.0
gnn-mappo_gat,46,greedy,3,1.0,1.0,0.0,0.9999999999999998,0.9999999999999977,76.36596015142518,1.94,0.0
gnn-mappo_gat,46,greedy,4,1.0,1.0,0.0,0.9999999999999998,0.9999999999999994,74.85409699400047,1.945,0.0
gnn-mappo_gat,46,greedy,5,1.0,1.0,0.0,0.9999999999999998,1.0,76.84992,1.935,0.0
gnn-mappo_gat,46,greedy,6,1.0,1.0,0.0,0.9999999999999998,0.9999999999999988,77.03168,1.942,0.0
gnn-mappo_gat,46,greedy,7,1.0,1.0,0.0,1.0,0.9999967404339074,68.84876351193581,3.838074111938476e-05,0.0
gnn-mappo_gat,46,greedy,8,1.0,1.0,0.0,0.9999999999999998,0.9999999999999979,76.77312,1.94095,0.0
gnn-mappo_gat,46,greedy,9,1.0,1.0,0.0,1.0,1.0,51.35741122589573,1.929,0.0
gnn-mappo_gat,46,sampled,0,0.36700000000000005,0.0,0.0,-0.018751159913556144,0.3436223480841843,61.48409482573681,5.276060509681702e-06,0.0
gnn-mappo_gat,46,sampled,1,0.35800000000000004,0.0,0.0,0.0026036353317295175,0.20574809549940837,64.99592818445505,5.9799707889556885e-06,0.0
gnn-mappo_gat,46,sampled,2,0.369,0.0,0.0,-0.04975444310224387,0.0646470517617828,75.88778765637566,4.4215925693511966e-06,0.0
gnn-mappo_gat,46,sampled,3,0.363,0.005,0.0,-0.01844617756274945,0.4175740765957963,74.84789437341843,4.078594577312471e-06,0.0
gnn-mappo_gat,46,sampled,4,0.365,0.0,0.0,0.08781254205815357,0.45369158945296384,73.02687758303722,3.6930612921714785e-06,0.0
gnn-mappo_gat,46,sampled,5,0.366,0.0,0.0,-0.00716887252450521,0.23408291275476462,76.48936166407245,7.2056258440017705e-06,0.0
gnn-mappo_gat,46,sampled,6,0.371,0.0,0.0,-0.022102536552696294,0.33515120247496955,77.03168000000001,5.029178857803345e-06,0.0
gnn-mappo_gat,46,sampled,7,0.34700000000000003,0.0,0.0,-0.028346981384829422,0.30317765998321194,72.02120632089067,9.224853754043578e-06,0.0
gnn-mappo_gat,46,sampled,8,0.36800000000000005,0.0,0.0,-0.013104743061173662,0.14646532841584065,76.76930932199897,6.7344846248626715e-06,0.0
gnn-mappo_gat,46,sampled,9,0.342,0.0,0.0,-0.023225385167849916,0.4718751278588895,53.25169907782008,5.651200747489929e-06,0.0
gnn-mappo_gat,47,greedy,0,1.0,1.0,0.0,0.9999999999999998,1.0,63.13540013633421,1.942,0.0
gnn-mappo_gat,47,greedy,1,1.0,1.0,0.0,0.9999999999999998,1.0,63.03082489242722,1.41533575,0.0
gnn-mappo_gat,47,greedy,2,1.0,1.0,0.0,0.9999999999999998,1.0,75.1858778523164,1.93695,0.0
gnn-mappo_gat,47,greedy,3,1.0,1.0,0.0,0.9999999999999998,1.0,75.7019330417683,1.935,0.0
gnn-mappo_gat,47,greedy,4,1.0,1.0,0.0,0.9999999999999998,1.0,74.32172168692341,1.94195,0.0
gnn-mappo_gat,47,greedy,5,1.0,1.0,0.0,0.9999999999999998,1.0,76.84992,1.932,0.0
gnn-mappo_gat,47,greedy,6,1.0,1.0,0.0,0.9999999999999998,1.0,77.03168,1.93695,0.0
gnn-mappo_gat,47,greedy,7,1.0,1.0,0.0,0.9999999999999998,1.0,67.76730716454166,1.937,0.0
gnn-mappo_gat,47,greedy,8,1.0,1.0,0.0,0.9999999999999998,1.0,76.77312,1.94,0.0
gnn-mappo_gat,47,greedy,9,1.0,1.0,0.0,0.9999999999999998,1.0,52.247290736251415,1.942,0.0
gnn-mappo_gat,47,sampled,0,0.44500000000000006,0.0,0.0,-0.05458836339400658,0.34849269452018533,62.888284222646895,5.1217264652252195e-06,0.0
gnn-mappo_gat,47,sampled,1,0.44,0.005,0.0,-0.02727545119782579,0.21487498162154864,65.26787320309015,5.9787339925765996e-06,0.0
gnn-mappo_gat,47,sampled,2,0.44900000000000007,0.005,0.0,-0.0010589897290182865,0.12081835254517644,75.60089816599563,5.611788702011109e-06,0.0
gnn-mappo_gat,47,sampled,3,0.43200000000000005,0.0,0.0,-0.025783980234629456,0.4574054161483262,74.17042624040003,5.57053918838501e-06,0.0
gnn-mappo_gat,47,sampled,4,0.43400000000000005,0.0,0.0,0.04044146943256055,0.4776475589121117,73.21119971788914,4.757841968536377e-06,0.0
gnn-mappo_gat,47,sampled,5,0.442,0.0,0.0,0.0024563353777759776,0.2596561656300495,76.57857998854179,8.79076542854309e-06,0.0
gnn-mappo_gat,47,sampled,6,0.44100000000000006,0.005,0.0,-0.00805994326520906,0.32099741269573145,76.97198542089396,5.7392955303192145e-06,0.0
gnn-mappo_gat,47,sampled,7,0.4310000000000001,0.01,0.0,-0.01444833321729327,0.3317480824855238,71.45944360615529,1.0015865135192871e-05,0.0
gnn-mappo_gat,47,sampled,8,0.4260000000000001,0.005,0.0,0.0029904519609959346,0.18579103647282785,76.76931332888705,8.265892028808593e-06,0.0
gnn-mappo_gat,47,sampled,9,0.43799999999999994,0.015,0.0,-0.031435419705828915,0.4789670133071291,54.08087181813511,5.332343244552612e-06,0.0
gnn-mappo_gat,48,greedy,0,1.0,1.0,1.0,,,0.00020701223452085533,1.938,0.0
gnn-mappo_gat,48,greedy,1,1.0,1.0,1.0,,,0.0002049839756065497,1.7201685,0.0
gnn-mappo_gat,48,greedy,2,1.0,1.0,1.0,,,0.0001999474416383036,1.935,0.0
gnn-mappo_gat,48,greedy,3,1.0,1.0,1.0,,,0.00020117959056390974,1.92995,0.0
gnn-mappo_gat,48,greedy,4,1.0,1.0,1.0,,,0.00020166144801021845,1.932,0.0
gnn-mappo_gat,48,greedy,5,1.0,1.0,1.0,,,0.00019953999366633475,1.929,0.0
gnn-mappo_gat,48,greedy,6,1.0,1.0,1.0,,,0.0002026514995777966,1.9339,0.0
gnn-mappo_gat,48,greedy,7,1.0,1.0,1.0,,,0.0002043016479285881,1.93595,0.0
gnn-mappo_gat,48,greedy,8,1.0,1.0,1.0,,,0.0002092831396809962,1.9389,0.0
gnn-mappo_gat,48,greedy,9,1.0,1.0,1.0,,,0.0001954825702449882,1.934,0.0
gnn-mappo_gat,48,sampled,0,0.40900000000000003,0.005,0.0,0.017062299062298995,0.48762671386020096,64.69294461931807,2.766795647144318e-06,0.0
gnn-mappo_gat,48,sampled,1,0.3990000000000001,0.0,0.0,-0.017881141897672193,0.21717690965111366,71.35692340147682,4.9030959606170655e-06,0.0
gnn-mappo_gat,48,sampled,2,0.4,0.0,0.0,-0.022439009659752613,0.08905489272410023,75.82677023313495,4.226393246650696e-06,0.0
gnn-mappo_gat,48,sampled,3,0.405,0.005,0.0,0.022879135394817653,0.5751561524524755,74.36434987359998,4.076674067974091e-06,0.0
gnn-mappo_gat,48,sampled,4,0.38900000000000007,0.0,0.0,0.027167069052953914,0.4899831404969639,73.68827326192672,3.586297631263733e-06,0.0
gnn-mappo_gat,48,sampled,5,0.405,0.0,0.0,-0.0034118452556749085,0.2262931532546805,76.34048163317874,7.089479970932008e-06,0.0
gnn-mappo_gat,48,sampled,6,0.3940000000000001,0.0,0.0,-0.020091467960175503,0.28904198438012363,76.94146717475883,4.237526297569275e-06,0.0
gnn-mappo_gat,48,sampled,7,0.38500000000000006,0.0,0.0,-0.031083965676915064,0.2838363045919633,75.79765894034193,5.7520804882049615e-06,0.0
gnn-mappo_gat,48,sampled,8,0.4,0.0,0.0,-0.022568328913660847,0.12473208539604205,76.70453221043763,6.594900774955749e-06,0.0
gnn-mappo_gat,48,sampled,9,0.403,0.0,0.0,0.002257024129583818,0.46069998275562807,57.00438455237864,1.8119660496711736e-06,0.0
gnn-mappo_gat,49,greedy,0,1.0,1.0,1.0,,,61.33504098260345,1.939,0.0
gnn-mappo_gat,49,greedy,1,1.0,1.0,1.0,,,62.98341320737142,1.587185,0.0
gnn-mappo_gat,49,greedy,2,1.0,1.0,0.0,1.0,0.999977765555137,70.54875951926404,1.93395,0.0
gnn-mappo_gat,49,greedy,3,0.99,0.975,0.0,0.9651547368409137,0.9995955377037721,72.89399855833851,1.925,0.0
gnn-mappo_gat,49,greedy,4,0.9990000000000001,0.995,0.0,0.9989076222223161,0.9986086676345953,70.74069666628264,1.9339,0.0
gnn-mappo_gat,49,greedy,5,1.0,1.0,0.0,1.0,0.9999436311862601,68.06449100218943,1.92,0.0
gnn-mappo_gat,49,greedy,6,1.0,1.0,0.0,1.0,0.9997647876053666,69.64591997030588,1.925,0.0
gnn-mappo_gat,49,greedy,7,1.0,1.0,0.0,0.9999999999999998,0.9999999999999982,64.65620321812204,1.937,0.0
gnn-mappo_gat,49,greedy,8,0.998,0.995,0.0,0.999915969188901,0.9978642276112957,67.6952303349438,1.93295,0.0
gnn-mappo_gat,49,greedy,9,1.0,1.0,1.0,,,51.99782204056941,1.934,0.0
gnn-mappo_gat,49,sampled,0,0.365,0.0,0.0,-0.022652528869240313,0.33230824099499084,61.842297238946955,5.4996872425079345e-06,0.0
gnn-mappo_gat,49,sampled,1,0.37,0.0,0.0,-0.03316504031260624,0.20621841576845243,64.08831667119689,6.273563575744629e-06,0.0
gnn-mappo_gat,49,sampled,2,0.35900000000000004,0.0,0.0,-0.01645113535841114,0.12235087858319749,76.06593029114633,5.3270787000656125e-06,0.0
gnn-mappo_gat,49,sampled,3,0.345,0.0,0.0,-0.023041313295408004,0.43562571480767,74.54839718062291,5.754305744171143e-06,0.0
gnn-mappo_gat,49,sampled,4,0.341,0.0,0.0,0.04314945640583549,0.4807059250562292,73.16369582868712,3.885294187068939e-06,0.0
gnn-mappo_gat,49,sampled,5,0.37,0.0,0.0,-0.004800014723019846,0.22835541185280944,76.61216219180619,8.12617039680481e-06,0.0
gnn-mappo_gat,49,sampled,6,0.35700000000000004,0.0,0.0,-0.019673416260148013,0.31216037985790984,76.8882941398568,5.028619313240051e-06,0.0
gnn-mappo_gat,49,sampled,7,0.34900000000000003,0.0,0.0,-0.026683716550593095,0.32184795982018144,69.19672072650027,9.363365077972412e-06,0.0
gnn-mappo_gat,49,sampled,8,0.38100000000000006,0.0,0.0,-0.005190591280818764,0.12885881255056925,76.76977542434635,8.33492639064789e-06,0.0
gnn-mappo_gat,49,sampled,9,0.37300000000000005,0.0,0.0,-0.026145605215011795,0.4983670315184667,53.025318698862534,5.6167567491531375e-06,0.0
gnn-mappo_gat,50,greedy,0,1.0,1.0,1.0,,,63.88680732866877,1.616525375,0.0
gnn-mappo_gat,50,greedy,1,1.0,1.0,1.0,,,63.044344974072956,1.180354,0.0
gnn-mappo_gat,50,greedy,2,1.0,1.0,1.0,,,75.84413225228205,1.94,0.0
gnn-mappo_gat,50,greedy,3,1.0,1.0,1.0,,,76.41713623314114,1.94,0.0
gnn-mappo_gat,50,greedy,4,1.0,1.0,1.0,,,74.91809678873588,1.945,0.0
gnn-mappo_gat,50,greedy,5,1.0,1.0,1.0,,,76.84992,1.935,0.0
gnn-mappo_gat,50,greedy,6,1.0,1.0,1.0,,,77.03168,1.942,0.0
gnn-mappo_gat,50,greedy,7,1.0,1.0,1.0,,,68.67752688713009,1.937,0.0
gnn-mappo_gat,50,greedy,8,1.0,1.0,1.0,,,76.77312,1.94095,0.0
gnn-mappo_gat,50,greedy,9,1.0,1.0,1.0,,,52.338569830043575,1.548712375,0.0
gnn-mappo_gat,50,sampled,0,0.4640000000000001,0.01,0.0,0.0031994780622771586,0.3802282657261162,64.56083507375924,0.5670931781249999,0.0
gnn-mappo_gat,50,sampled,1,0.47300000000000003,0.005,0.0,0.0070952274933668655,0.20944193796462357,70.0043805602586,0.552859484375,0.0
gnn-mappo_gat,50,sampled,2,0.48300000000000004,0.0,0.0,0.001503050357325355,0.1436495781336233,75.83373575199937,1.89365,0.0
gnn-mappo_gat,50,sampled,3,0.47,0.005,0.0,-0.013801945487427792,0.4523532865328443,75.54879256375922,1.9168,0.0
gnn-mappo_gat,50,sampled,4,0.467,0.015,0.0,0.02907680046362855,0.5292021373906242,75.8775333791566,1.91095,0.0
gnn-mappo_gat,50,sampled,5,0.461,0.0,0.0,0.015694759467185564,0.32674926664193926,76.68992008845025,1.9229,0.0
gnn-mappo_gat,50,sampled,6,0.455,0.0,0.0,-0.03083754152007311,0.2668424177006665,76.99937095955177,1.927,0.0
gnn-mappo_gat,50,sampled,7,0.462,0.005,0.0,-0.04571082264682587,0.25735710391628497,74.09006513582547,1.2986382625,0.0
gnn-mappo_gat,50,sampled,8,0.4750000000000001,0.0,0.0,-0.002699762490566799,0.18672756215747813,76.70272001393859,1.935,0.0
gnn-mappo_gat,50,sampled,9,0.46,0.005,0.0,-0.0037063187739957574,0.5401271801059992,54.781358028115044,0.55516553125,0.0
gnn-mappo_gat,51,greedy,0,1.0,1.0,0.0,0.9999999999999998,0.9999999999999984,61.351082956014885,1.93795,0.0
gnn-mappo_gat,51,greedy,1,1.0,1.0,0.0,0.9999999999999998,0.9999999999999982,62.98372615480172,1.587185,0.0
gnn-mappo_gat,51,greedy,2,1.0,1.0,0.0,0.9999999999999998,0.9999999999999991,71.88938562463042,1.93295,0.0
gnn-mappo_gat,51,greedy,3,1.0,1.0,0.0,0.9999999999999998,0.9999999999999988,73.96638093213267,1.92895,0.0
gnn-mappo_gat,51,greedy,4,1.0,1.0,0.0,0.9999999999999998,0.9999999999999976,72.88942560519065,1.932,0.0
gnn-mappo_gat,51,greedy,5,1.0,1.0,1.0,,,76.84992,1.92995,0.0
gnn-mappo_gat,51,greedy,6,1.0,1.0,0.0,0.9999999999999998,0.9999999999999973,77.03168,1.93095,0.0
gnn-mappo_gat,51,greedy,7,1.0,1.0,1.0,,,65.54040045216578,1.937,0.0
gnn-mappo_gat,51,greedy,8,1.0,1.0,0.0,0.9999999999999998,0.9999999999999971,76.77312,1.93695,0.0
gnn-mappo_gat,51,greedy,9,1.0,1.0,0.0,0.9999999999999998,0.9999999999999982,51.99989875378075,1.932,0.0
gnn-mappo_gat,51,sampled,0,0.403,0.0,0.0,0.00734634850858122,0.4462114212055261,62.84006636166347,2.720171093940735e-06,0.0
gnn-mappo_gat,51,sampled,1,0.4010000000000001,0.005,0.0,0.0007900529285807936,0.22498626319336962,66.87826120531783,4.831791424751284e-06,0.0
gnn-mappo_gat,51,sampled,2,0.4010000000000001,0.005,0.0,-0.0029499943434952653,0.12963402643348337,76.18487542468658,3.595899426937103e-06,0.0
gnn-mappo_gat,51,sampled,3,0.40800000000000003,0.0,0.0,0.00465549626434351,0.48516702069887635,74.11751796173205,3.4467450261116026e-06,0.0
gnn-mappo_gat,51,sampled,4,0.402,0.0,0.0,0.05512779772464792,0.4591936667835048,72.52579052192166,3.7279082179069516e-06,0.0
gnn-mappo_gat,51,sampled,5,0.392,0.0,0.0,-0.006362864058514345,0.3008879682131741,76.55120555696311,5.988187766075135e-06,0.0
gnn-mappo_gat,51,sampled,6,0.4,0.005,0.0,-0.022427056416284046,0.2820041146289544,76.56965428303789,4.557751369476319e-06,0.0
gnn-mappo_gat,51,sampled,7,0.40800000000000003,0.0,0.0,-0.01795173675538435,0.2949731819697049,72.08502266744469,3.3772393226623545e-06,0.0
gnn-mappo_gat,51,sampled,8,0.38400000000000006,0.005,0.0,-0.015976914156255972,0.1309965077926582,76.76932936256155,6.53547887802124e-06,0.0
gnn-mappo_gat,51,sampled,9,0.3940000000000001,0.0,0.0,-0.03202014124748856,0.5061483128479691,54.06095143711984,3.6610225439071663e-06,0.0
gnn-mappo_gat,52,greedy,0,1.0,1.0,1.0,,,0.00020701223452085533,1.938,0.0
gnn-mappo_gat,52,greedy,1,1.0,1.0,1.0,,,0.0002049839756065497,1.7201685,0.0
gnn-mappo_gat,52,greedy,2,1.0,1.0,1.0,,,0.0001999474416383036,1.935,0.0
gnn-mappo_gat,52,greedy,3,1.0,1.0,1.0,,,0.00020117959056390974,1.92995,0.0
gnn-mappo_gat,52,greedy,4,1.0,1.0,1.0,,,0.00020166144801021845,1.932,0.0
gnn-mappo_gat,52,greedy,5,1.0,1.0,1.0,,,0.00019953999366633475,1.929,0.0
gnn-mappo_gat,52,greedy,6,1.0,1.0,1.0,,,0.0002026514995777966,1.9339,0.0
gnn-mappo_gat,52,greedy,7,1.0,1.0,1.0,,,0.0002043016479285881,1.93595,0.0
gnn-mappo_gat,52,greedy,8,1.0,1.0,1.0,,,0.0002092831396809962,1.9389,0.0
gnn-mappo_gat,52,greedy,9,1.0,1.0,1.0,,,0.0001954825702449882,1.934,0.0
gnn-mappo_gat,52,sampled,0,0.3780000000000001,0.0,0.0,-0.015310726290130899,0.47467132912027055,63.76243060401124,3.0330053329467773e-06,0.0
gnn-mappo_gat,52,sampled,1,0.373,0.0,0.0,-0.021005707244598836,0.17789534730848966,70.81637356603365,5.009134697914123e-06,0.0
gnn-mappo_gat,52,sampled,2,0.381,0.0,0.0,-0.00926558300908233,0.16285494047573373,75.71721143118103,4.226715207099915e-06,0.0
gnn-mappo_gat,52,sampled,3,0.38100000000000006,0.005,0.0,0.009095212843453496,0.5533442951929429,75.05089154218238,4.5339975118637094e-06,0.0
gnn-mappo_gat,52,sampled,4,0.36700000000000005,0.0,0.0,0.03472728642904036,0.44670361205240533,73.43478930891658,3.6101154804229737e-06,0.0
gnn-mappo_gat,52,sampled,5,0.385,0.0,0.0,0.005027864451509193,0.25657529749048075,76.4177688279772,7.205718898773194e-06,0.0
gnn-mappo_gat,52,sampled,6,0.37200000000000005,0.0,0.0,-0.02010262226935606,0.30164931129827993,76.94949459090574,4.287203216552735e-06,0.0
gnn-mappo_gat,52,sampled,7,0.37800000000000006,0.0,0.0,-0.009783341692770188,0.3000971790939871,76.10208583275136,7.983189773559575e-06,0.0
gnn-mappo_gat,52,sampled,8,0.38100000000000006,0.0,0.0,-0.016272918154327413,0.11697998210031968,76.76930932199896,6.3773247003555295e-06,0.0
gnn-mappo_gat,52,sampled,9,0.37200000000000005,0.0,0.0,0.005126840897232335,0.47362318743865534,55.57554994192203,4.641745162010193e-06,0.0
gnn-mappo_gat,53,greedy,0,1.0,1.0,0.0,1.0,0.9999999999999994,51.67682593862721,1.616525375,0.0
gnn-mappo_gat,53,greedy,1,0.9990000000000001,0.995,0.0,0.996079870857819,0.9975179352321903,57.96161834837936,1.180354,0.0
gnn-mappo_gat,53,greedy,2,1.0,1.0,0.0,0.9999999999999998,0.9999999999999962,53.43680380571168,1.935,0.0
gnn-mappo_gat,53,greedy,3,1.0,1.0,0.0,1.0,0.9999999999999964,52.28471080656725,1.92995,0.0
gnn-mappo_gat,53,greedy,4,1.0,1.0,0.0,1.0,0.999999999999998,65.37554708400619,1.934,0.0
gnn-mappo_gat,53,greedy,5,1.0,1.0,0.0,0.9999999999999998,0.9999999999999973,75.11570448264789,1.929,0.0
gnn-mappo_gat,53,greedy,6,1.0,1.0,0.0,0.9999999999999998,0.9999999999999964,75.51610564429566,1.9339,0.0
gnn-mappo_gat,53,greedy,7,0.998,0.995,0.0,0.9859615827132296,0.9758108846762117,55.4453490323151,1.93695,0.0
gnn-mappo_gat,53,greedy,8,1.0,1.0,0.0,0.9999999999999998,1.0,76.67536628402624,1.9389,0.0
gnn-mappo_gat,53,greedy,9,1.0,1.0,0.0,1.0,0.9999999999999994,49.7134677882725,1.548712375,0.0
gnn-mappo_gat,53,sampled,0,0.37900000000000006,0.0,0.0,0.004805889506633966,0.4274952040938807,62.588099696551026,8.10578236579895e-06,0.0
gnn-mappo_gat,53,sampled,1,0.37500000000000006,0.0,0.0,-0.005261632060614483,0.18647532073134362,67.75389776190266,8.582869386672974e-06,0.0
gnn-mappo_gat,53,sampled,2,0.36,0.0,0.0,-0.025299297027606853,0.11196294373023392,76.07875861774865,5.436556458473206e-06,0.0
gnn-mappo_gat,53,sampled,3,0.358,0.0,0.0,-0.007223413324741666,0.5305382374041667,74.14482904872195,6.335479998588563e-06,0.0
gnn-mappo_gat,53,sampled,4,0.35700000000000004,0.0,0.0,0.047526569044595686,0.465564864598076,72.74161701946976,4.210972952842712e-06,0.0
gnn-mappo_gat,53,sampled,5,0.37400000000000005,0.0,0.0,-0.015711076839595335,0.2314511134695676,76.33520137029824,8.529663515090941e-06,0.0
gnn-mappo_gat,53,sampled,6,0.371,0.0,0.0,-0.02510693105619416,0.27801894489916223,76.94931245390667,5.438301062583924e-06,0.0
gnn-mappo_gat,53,sampled,7,0.35,0.0,0.0,-0.004105221966829153,0.3136085669479482,71.44046430555267,1.0338447380065919e-05,0.0
gnn-mappo_gat,53,sampled,8,0.377,0.005,0.0,-0.027040795354126002,0.1551723510516224,76.76932936256152,9.386985349655154e-06,0.0
gnn-mappo_gat,53,sampled,9,0.37800000000000006,0.0,0.0,0.022361144727411783,0.5257800483179078,55.353701380502436,7.1037042379379275e-06,0.0
gnn-mappo_gat,54,greedy,0,1.0,1.0,1.0,,,0.00020701223452085533,1.938,0.0
gnn-mappo_gat,54,greedy,1,1.0,1.0,1.0,,,0.0002049839756065497,1.7201685,0.0
gnn-mappo_gat,54,greedy,2,1.0,1.0,1.0,,,0.0001999474416383036,1.935,0.0
gnn-mappo_gat,54,greedy,3,1.0,1.0,1.0,,,0.00020117959056390974,1.92995,0.0
gnn-mappo_gat,54,greedy,4,1.0,1.0,1.0,,,0.00020166144801021845,1.932,0.0
gnn-mappo_gat,54,greedy,5,1.0,1.0,1.0,,,0.00019953999366633475,1.929,0.0
gnn-mappo_gat,54,greedy,6,1.0,1.0,1.0,,,0.0002026514995777966,1.9339,0.0
gnn-mappo_gat,54,greedy,7,1.0,1.0,1.0,,,0.0002043016479285881,1.93595,0.0
gnn-mappo_gat,54,greedy,8,1.0,1.0,1.0,,,0.0002092831396809962,1.9389,0.0
gnn-mappo_gat,54,greedy,9,1.0,1.0,1.0,,,0.0001954825702449882,1.934,0.0
gnn-mappo_gat,54,sampled,0,0.42700000000000005,0.0,0.0,0.007809014626272652,0.3968253299649321,64.6688661009349,0.35792477968749997,0.0
gnn-mappo_gat,54,sampled,1,0.44,0.0,0.0,-0.00959670699506741,0.20926764966351413,73.61526600285093,0.1720980921875,0.0
gnn-mappo_gat,54,sampled,2,0.42100000000000004,0.005,0.0,-0.006548345097590821,0.14092445158606115,76.00262289977732,1.73010006875,0.0
gnn-mappo_gat,54,sampled,3,0.43700000000000006,0.0,0.0,-0.029569916415718045,0.4281677450548912,74.94750154161935,1.669947225,0.0
gnn-mappo_gat,54,sampled,4,0.41700000000000004,0.0,0.0,0.03275811227195696,0.48233153325962375,73.57536765136679,1.32347219618483,0.0
gnn-mappo_gat,54,sampled,5,0.44,0.005,0.0,0.012372280194791257,0.2651062278220444,76.68588031955585,1.1821553277969361e-05,0.0
gnn-mappo_gat,54,sampled,6,0.41400000000000003,0.0,0.0,-0.023166722480632795,0.2880441026153759,76.97173055512972,1.89395,0.0
gnn-mappo_gat,54,sampled,7,0.406,0.0,0.0,-0.04033814186677472,0.2658959939541708,75.7995970004076,1.0724900625,0.0
gnn-mappo_gat,54,sampled,8,0.414,0.0,0.0,-0.0245730829282306,0.13380257207000368,76.70272001332194,1.92395,0.0
gnn-mappo_gat,54,sampled,9,0.41400000000000003,0.0,0.0,0.002146122947911898,0.49092391530693413,56.20979049850764,0.265246878125,0.0
gnn-mappo_gat,55,greedy,0,1.0,1.0,0.0,1.0,0.9999993433405662,62.092589258481006,3.8568103790283206e-05,0.0
gnn-mappo_gat,55,greedy,1,1.0,1.0,0.0,1.0,0.9999963576199132,62.945296729541816,3.8854141235351564e-05,0.0
gnn-mappo_gat,55,greedy,2,0.997,0.99,0.0,0.9789208596323601,0.9992651633052343,60.40710364679486,4.193308258056641e-05,0.0
gnn-mappo_gat,55,greedy,3,1.0,1.0,0.0,1.0,0.9998250634904092,55.01506608413091,1.927,0.0
gnn-mappo_gat,55,greedy,4,1.0,1.0,0.0,1.0,0.9999999999999989,55.371571303806284,1.932,0.0
gnn-mappo_gat,55,greedy,5,1.0,1.0,0.0,1.0,0.9999999999999997,68.44474993881555,1.929,0.0
gnn-mappo_gat,55,greedy,6,1.0,1.0,0.0,1.0,0.9999999999999993,64.35059211441953,1.9339,0.0
gnn-mappo_gat,55,greedy,7,0.983,0.95,0.0,0.8962493358388416,0.995392462664175,61.324315475359526,3.879521369934082e-05,0.0
gnn-mappo_gat,55,greedy,8,1.0,1.0,0.0,1.0,0.9999999999999991,71.05865026582012,1.9389,0.0
gnn-mappo_gat,55,greedy,9,1.0,1.0,0.0,0.9999999999999998,0.9999988966429614,51.97505892652119,3.505894470214844e-05,0.0
gnn-mappo_gat,55,sampled,0,0.36200000000000004,0.0,0.0,-0.029072903362418127,0.4391706332161075,62.97060200413132,2.4173261880874636e-06,0.0
gnn-mappo_gat,55,sampled,1,0.348,0.0,0.0,-0.012151220590764603,0.19611961472723058,67.10890951904277,5.0271629333496095e-06,0.0
gnn-mappo_gat,55,sampled,2,0.3560000000000001,0.0,0.0,-0.03429812354088204,0.11872820491186646,75.7395220125987,9.288118791580202e-06,0.0
gnn-mappo_gat,55,sampled,3,0.36,0.0,0.0,-0.018963178815510805,0.4322274519439174,74.12425916744051,6.943229532241822e-06,0.0
gnn-mappo_gat,55,sampled,4,0.35600000000000004,0.0,0.0,0.03089737634525076,0.48336999456051266,73.18133756199154,9.02929883003235e-06,0.0
gnn-mappo_gat,55,sampled,5,0.35800000000000004,0.0,0.0,-0.01161725457077244,0.2359181729824275,76.17965899057012,1.89395,0.0
gnn-mappo_gat,55,sampled,6,0.35,0.0,0.0,-0.04151130802610405,0.25032070486114455,76.81812167891309,1.89685,0.0
gnn-mappo_gat,55,sampled,7,0.34800000000000003,0.0,0.0,-0.03459811872046077,0.28819928407335704,72.75370373197437,1.3171626615524295e-05,0.0
gnn-mappo_gat,55,sampled,8,0.3760000000000001,0.0,0.0,-0.006512771192051838,0.13792460389229091,76.74439700139813,1.92595,0.0
gnn-mappo_gat,55,sampled,9,0.36,0.0,0.0,-0.033023242731890876,0.47365023681340623,54.14928348479038,1.0142761439085008e-06,0.0
gnn-mappo_gat,56,greedy,0,1.0,1.0,0.0,0.9999999999999998,0.999999999999998,60.0437435315773,1.939,0.0
gnn-mappo_gat,56,greedy,1,1.0,1.0,0.0,0.9999999999999998,0.9999999999999976,62.02765490801763,1.524093,0.0
gnn-mappo_gat,56,greedy,2,1.0,1.0,0.0,0.9999999999999998,0.9999994240643535,49.15723582332225,3.851150894165039e-05,0.0
gnn-mappo_gat,56,greedy,3,0.998,0.995,0.0,0.9880645245625498,0.9999985071067222,55.516809269103895,4.016584377288819e-05,0.0
gnn-mappo_gat,56,greedy,4,1.0,1.0,0.0,1.0,0.9999981059379502,51.75359424339128,3.9253799438476564e-05,0.0
gnn-mappo_gat,56,greedy,5,0.998,0.995,0.0,0.9932781954815448,0.9999102808647219,76.65491590885973,3.755403137207031e-05,0.0
gnn-mappo_gat,56,greedy,6,1.0,1.0,0.0,1.0,0.9999999035499544,76.99085383923803,3.823892211914062e-05,0.0
gnn-mappo_gat,56,greedy,7,1.0,1.0,0.0,1.0,0.9999999999999977,52.92957713123754,1.93595,0.0
gnn-mappo_gat,56,greedy,8,0.981,0.945,0.0,0.8914573283947526,0.9970847430078649,76.64128722263983,4.126016235351562e-05,0.0
gnn-mappo_gat,56,greedy,9,1.0,1.0,0.0,1.0,0.9999999999999961,51.43742240365939,1.934,0.0
gnn-mappo_gat,56,sampled,0,0.36,0.0,0.0,-0.0016700964241402928,0.47700853777386004,62.32077078870901,5.092349433898927e-06,0.0
gnn-mappo_gat,56,sampled,1,0.355,0.0,0.0,-0.008240809135575757,0.19227407964791263,68.74615885455356,5.043060541152954e-06,0.0
gnn-mappo_gat,56,sampled,2,0.35900000000000004,0.0,0.0,-0.028079001868453378,0.09968796400680877,75.6958083657727,4.275692939758301e-06,0.0
gnn-mappo_gat,56,sampled,3,0.3550000000000001,0.0,0.0,0.0027641441410709037,0.4914993715035192,74.3942077976637,3.7954998493194586e-06,0.0
gnn-mappo_gat,56,sampled,4,0.35800000000000004,0.0,0.0,0.05646953639665482,0.4705505026817055,72.73522985810828,3.7054733991622925e-06,0.0
gnn-mappo_gat,56,sampled,5,0.366,0.0,0.0,-0.020871403021066666,0.21992479745390964,76.52061672798733,6.613365054130555e-06,0.0
gnn-mappo_gat,56,sampled,6,0.33899999999999997,0.0,0.0,-0.038221789835764325,0.28730294500870474,76.97272039983997,4.6677564620971685e-06,0.0
gnn-mappo_gat,56,sampled,7,0.343,0.0,0.0,-0.018416181309149408,0.3114227810189887,72.26011234209349,8.874358129501342e-06,0.0
gnn-mappo_gat,56,sampled,8,0.34900000000000003,0.0,0.0,-0.03491295540842943,0.12879505646927514,76.769795823501,6.509955739974976e-06,0.0
gnn-mappo_gat,56,sampled,9,0.365,0.0,0.0,-0.015733152363599085,0.5040214862828083,54.78198071871471,5.513969540596008e-06,0.0
gnn-mappo_gat,57,greedy,0,1.0,1.0,0.0,0.9999999999999998,0.9999999999999986,62.49868851127882,1.616525375,0.0
gnn-mappo_gat,57,greedy,1,1.0,1.0,0.0,0.9999999999999998,0.9999999999999991,62.73048150589241,1.180354,0.0
gnn-mappo_gat,57,greedy,2,1.0,1.0,0.0,1.0,0.9999999999999993,51.92424464590785,1.935,0.0
gnn-mappo_gat,57,greedy,3,0.998,0.995,0.0,0.9890859731831156,0.9989648569478604,53.48630324347321,1.92995,0.0
gnn-mappo_gat,57,greedy,4,1.0,1.0,0.0,1.0,0.9999999999999994,50.204892144014764,1.932,0.0
gnn-mappo_gat,57,greedy,5,1.0,1.0,0.0,0.9999999999999998,1.0,67.2621556920433,1.929,0.0
gnn-mappo_gat,57,greedy,6,1.0,1.0,0.0,0.9999999999999998,0.9999999999999991,47.918642412906536,1.9339,0.0
gnn-mappo_gat,57,greedy,7,0.991,0.975,0.0,0.9485740064502192,0.9708581287796694,55.97029478596356,1.93595,0.0
gnn-mappo_gat,57,greedy,8,1.0,1.0,0.0,0.9999999999999998,1.0,69.94219998331451,1.9389,0.0
gnn-mappo_gat,57,greedy,9,1.0,1.0,0.0,1.0,0.9999999999999986,52.05825855310337,1.548712375,0.0
gnn-mappo_gat,57,sampled,0,0.38000000000000006,0.0,0.0,0.00337760966016287,0.45576021829663727,64.01053015342008,4.677594304084778e-06,0.0
gnn-mappo_gat,57,sampled,1,0.36200000000000004,0.0,0.0,0.011348195800117778,0.2029109468044843,67.72469832756485,5.853992342948914e-06,0.0
gnn-mappo_gat,57,sampled,2,0.35400000000000004,0.0,0.0,-0.0013796992316034956,0.13186044659577206,75.32378390587594,5.593624496459961e-06,0.0
gnn-mappo_gat,57,sampled,3,0.34900000000000003,0.0,0.0,-0.02328283710608275,0.4324249980118724,74.53647027841181,6.4714658260345455e-06,0.0
gnn-mappo_gat,57,sampled,4,0.35200000000000004,0.0,0.0,0.05801666761579396,0.5215168012402537,72.80922650289666,3.9865249633789065e-06,0.0
gnn-mappo_gat,57,sampled,5,0.363,0.0,0.0,-0.0083173824176176,0.22412817984786906,76.17882093806612,9.309200477600097e-06,0.0
gnn-mappo_gat,57,sampled,6,0.3509999999999999,0.0,0.0,-0.02418814620760538,0.2722563879340315,76.97699713140217,6.024948287010193e-06,0.0
gnn-mappo_gat,57,sampled,7,0.3400000000000001,0.0,0.0,-0.024160279232590044,0.3180446091165786,70.45840449134745,9.688516807556153e-06,0.0
gnn-mappo_gat,57,sampled,8,0.36200000000000004,0.0,0.0,-0.01858919104332529,0.11286702538050224,76.58873572280149,1.89395,0.0
gnn-mappo_gat,57,sampled,9,0.3940000000000001,0.0,0.0,0.01161961843928776,0.4933596822603749,55.25778242417899,4.786955070495606e-06,0.0
gnn-mappo_gat,58,greedy,0,1.0,1.0,0.0,0.9999999999999998,0.9999999999999977,64.36697207221954,3.8568103790283206e-05,0.0
gnn-mappo_gat,58,greedy,1,1.0,1.0,0.0,0.9999999999999998,0.9999999999999967,63.04660787601707,3.8854141235351564e-05,0.0
gnn-mappo_gat,58,greedy,2,1.0,1.0,0.0,0.9999999999999998,0.9999999999999993,76.36329039497141,3.81121940612793e-05,0.0
gnn-mappo_gat,58,greedy,3,1.0,1.0,0.0,0.9999999999999998,0.9999999999999988,76.61440000000007,3.952708053588867e-05,0.0
gnn-mappo_gat,58,greedy,4,1.0,1.0,0.0,0.9999999999999998,0.999999999999998,75.37693393517159,3.803137969970703e-05,0.0
gnn-mappo_gat,58,greedy,5,1.0,1.0,0.0,0.9999999999999998,0.9999999999999991,76.84992,3.755403137207031e-05,0.0
gnn-mappo_gat,58,greedy,6,1.0,1.0,0.0,0.9999999999999998,0.9999999999999976,77.03168,3.823892211914062e-05,0.0
gnn-mappo_gat,58,greedy,7,1.0,1.0,0.0,0.9999999999999998,0.9999999999999961,69.3504866661451,3.838074111938476e-05,0.0
gnn-mappo_gat,58,greedy,8,1.0,1.0,0.0,0.9999999999999998,0.9999999999999986,76.77312,4.126016235351562e-05,0.0
gnn-mappo_gat,58,greedy,9,1.0,1.0,0.0,0.9999999999999998,0.9999999999999971,52.38121122754846,3.505894470214844e-05,0.0
gnn-mappo_gat,58,sampled,0,0.42900000000000005,0.0,0.0,-0.01509513435115705,0.46910843997332863,64.93964433731553,1.7720766842365266e-06,0.0
gnn-mappo_gat,58,sampled,1,0.41600000000000004,0.0,0.0,-0.015809487567494916,0.23168901746140153,69.34141953660463,2.2438913106918335e-06,0.0
gnn-mappo_gat,58,sampled,2,0.41800000000000004,0.005,0.0,0.007893199622386018,0.6239311573597279,75.48634562204846,1.8577106952667236e-06,0.0
gnn-mappo_gat,58,sampled,3,0.42200000000000004,0.005,0.0,-0.022706923407743617,0.4361448398371392,74.38076656824917,2.4772916674613953e-06,0.0
gnn-mappo_gat,58,sampled,4,0.42900000000000005,0.0,0.0,0.017607949312799513,0.42606569083677986,72.50379414396592,2.8144552469253542e-06,0.0
gnn-mappo_gat,58,sampled,5,0.43300000000000005,0.005,0.0,0.018167952556572338,0.2889292427029891,75.98835203986549,4.170702505111694e-06,0.0
gnn-mappo_gat,58,sampled,6,0.41100000000000003,0.005,0.0,-0.018103967966949998,0.7326386503092834,76.88246131159045,3.6044574260711668e-06,0.0
gnn-mappo_gat,58,sampled,7,0.4160000000000001,0.0,0.0,-0.04187821956540518,0.291331237177342,72.20485902463547,1.6268426895141602e-06,0.0
gnn-mappo_gat,58,sampled,8,0.415,0.0,0.0,-0.02120380509807076,0.18066700193602908,76.54392433750597,4.7525954008102415e-06,0.0
gnn-mappo_gat,58,sampled,9,0.43200000000000005,0.0,0.0,-0.035542369611386085,0.41695380162823337,57.11885399823589,5.355876803398133e-07,0.0
gnn-mappo_gat,59,greedy,0,1.0,1.0,1.0,,,47.92452545445455,1.938,0.0
gnn-mappo_gat,59,greedy,1,1.0,1.0,1.0,,,54.68546288466228,1.695976875,0.0
gnn-mappo_gat,59,greedy,2,1.0,1.0,1.0,,,56.40440407768827,1.935,0.0
gnn-mappo_gat,59,greedy,3,1.0,1.0,1.0,,,55.13472838587627,1.92995,0.0
gnn-mappo_gat,59,greedy,4,1.0,1.0,1.0,,,53.890134989964146,1.932,0.0
gnn-mappo_gat,59,greedy,5,1.0,1.0,1.0,,,67.22426742918924,1.929,0.0
gnn-mappo_gat,59,greedy,6,1.0,1.0,1.0,,,60.41714507048156,1.9339,0.0
gnn-mappo_gat,59,greedy,7,1.0,1.0,1.0,,,57.463544121706576,1.93595,0.0
gnn-mappo_gat,59,greedy,8,1.0,1.0,1.0,,,69.92291214403468,1.9389,0.0
gnn-mappo_gat,59,greedy,9,1.0,1.0,1.0,,,47.67848558671532,1.934,0.0
gnn-mappo_gat,59,sampled,0,0.41400000000000003,0.0,0.0,-0.01901339186000186,0.3237435516145944,60.1609470971298,5.503871965408325e-06,0.0
gnn-mappo_gat,59,sampled,1,0.408,0.005,0.0,0.005321238526197795,0.23448228199459203,64.79440083117319,7.288572621345521e-06,0.0
gnn-mappo_gat,59,sampled,2,0.42,0.005,0.0,-0.028107566236327465,0.10659322646336496,73.59601125920419,7.633841490745545e-06,0.0
gnn-mappo_gat,59,sampled,3,0.40700000000000003,0.0,0.0,0.008301344141443272,0.41867565429436854,72.35658256931569,6.454757165908814e-06,0.0
gnn-mappo_gat,59,sampled,4,0.405,0.0,0.0,0.047512537778350045,0.48906550318922737,70.62726973770835,4.424610638618469e-06,0.0
gnn-mappo_gat,59,sampled,5,0.41600000000000004,0.0,0.0,-0.001958482637877254,0.2544002537556294,74.90533105807006,8.930066823959351e-06,0.0
gnn-mappo_gat,59,sampled,6,0.415,0.005,0.0,-0.018686085030586726,0.3118212426909418,76.70156024573326,5.289690852165223e-06,0.0
gnn-mappo_gat,59,sampled,7,0.405,0.0,0.0,-0.02824601405773965,0.3085976397672767,67.51012041227177,1.0712057876586915e-05,0.0
gnn-mappo_gat,59,sampled,8,0.401,0.0,0.0,-0.044754379608744586,0.0906145192345693,76.62580026139922,1.084095573425293e-05,0.0
gnn-mappo_gat,59,sampled,9,0.4040000000000001,0.0,0.0,-0.018776738072429695,0.49423716979613513,53.85540284069417,5.774581623077393e-06,0.0
gnn-mappo_gat,60,greedy,0,1.0,1.0,0.0,0.9999999999999998,0.9999999999999998,62.27843966910661,1.939,0.0
gnn-mappo_gat,60,greedy,1,1.0,1.0,0.0,0.9999999999999998,0.9999999999999979,63.01138313680908,1.524093,0.0
gnn-mappo_gat,60,greedy,2,1.0,1.0,0.0,0.9999999999999998,0.9999999999999968,73.72353569474056,1.936,0.0
gnn-mappo_gat,60,greedy,3,1.0,1.0,0.0,0.9999999999999998,1.0,74.86344467220204,1.932,0.0
gnn-mappo_gat,60,greedy,4,1.0,1.0,0.0,0.9999999999999998,0.9999999999999989,73.63567071246224,1.93695,0.0
gnn-mappo_gat,60,greedy,5,1.0,1.0,0.0,0.9999999999999998,0.9999999999999998,76.84991999999997,1.93,0.0
gnn-mappo_gat,60,greedy,6,1.0,1.0,0.0,0.9999999999999998,0.9999999999999979,77.03168,1.93495,0.0
gnn-mappo_gat,60,greedy,7,1.0,1.0,0.0,0.9999999999999998,1.0,66.71217374951503,1.937,0.0
gnn-mappo_gat,60,greedy,8,1.0,1.0,0.0,0.9999999999999998,0.9999999999999968,76.77312,1.94,0.0
gnn-mappo_gat,60,greedy,9,1.0,1.0,0.0,0.9999999999999998,0.9999999999999959,52.133072123547045,1.934,0.0
gnn-mappo_gat,60,sampled,0,0.396,0.0,0.0,-0.009168275376911367,0.3741914606831683,62.03203885363119,1.1277455625,0.0
gnn-mappo_gat,60,sampled,1,0.385,0.0,0.0,-0.007012942304118824,0.18673260321685378,64.78651230967468,0.7190859031250001,0.0
gnn-mappo_gat,60,sampled,2,0.392,0.0,0.0,-0.011275421259379763,0.09797913704264523,73.73646066145729,1.925,0.0
gnn-mappo_gat,60,sampled,3,0.395,0.0,0.0,-0.030088577674524865,0.45918899366022253,75.29136361050601,1.925,0.0
gnn-mappo_gat,60,sampled,4,0.393,0.005,0.0,0.022369162326505102,0.5254157281420466,72.99040341129857,1.927,0.0
gnn-mappo_gat,60,sampled,5,0.395,0.0,0.0,0.02940523765209153,0.29211310594989304,76.6393412381183,1.9229,0.0
gnn-mappo_gat,60,sampled,6,0.393,0.0,0.0,-0.01128764844939928,0.27483258053763576,76.99453457953653,1.927,0.0
gnn-mappo_gat,60,sampled,7,0.37900000000000006,0.0,0.0,-0.015611803288627083,0.2588288634039527,69.11945172180222,1.8946283937500001,0.0
gnn-mappo_gat,60,sampled,8,0.392,0.0,0.0,0.008793309207731468,0.16089453322470587,76.74121345442629,1.934,0.0
gnn-mappo_gat,60,sampled,9,0.395,0.0,0.0,0.007410489070615506,0.5350028800015048,53.12640125694027,0.784544259375,0.0
gnn-mappo_gat,61,greedy,0,1.0,1.0,0.0,1.0,0.9999999999999984,62.48761867361212,1.616525375,0.0
gnn-mappo_gat,61,greedy,1,0.9990000000000001,0.995,0.0,0.9919949473721908,0.9924141771439856,62.757723078147286,1.180354,0.0
gnn-mappo_gat,61,greedy,2,1.0,1.0,0.0,1.0,0.9999999999999971,51.45670336963341,1.935,0.0
gnn-mappo_gat,61,greedy,3,0.9940000000000001,0.985,0.0,0.9644353086303976,0.9903756521663825,53.631434847171555,1.92995,0.0
gnn-mappo_gat,61,greedy,4,1.0,1.0,0.0,1.0,0.999999999999997,51.01890922205193,1.932,0.0
gnn-mappo_gat,61,greedy,5,1.0,1.0,0.0,0.9999999999999998,0.9999999999999973,75.11570448264789,1.929,0.0
gnn-mappo_gat,61,greedy,6,1.0,1.0,0.0,0.9999999999999998,0.9999999999999964,75.51610564429566,1.9339,0.0
gnn-mappo_gat,61,greedy,7,0.985,0.96,0.0,0.936477983290299,0.9669559158562331,59.17750897761137,1.93595,0.0
gnn-mappo_gat,61,greedy,8,1.0,1.0,0.0,0.9999999999999998,1.0,76.67536628402624,1.9389,0.0
gnn-mappo_gat,61,greedy,9,1.0,1.0,0.0,0.9999999999999998,0.9999999999999984,52.01966429823644,1.548712375,0.0
gnn-mappo_gat,61,sampled,0,0.38799999999999996,0.0,0.0,-0.012989827369633545,0.3946339709416593,63.82416532837941,5.305619645118713e-06,0.0
gnn-mappo_gat,61,sampled,1,0.375,0.0,0.0,-0.00024690244330897136,0.17609026155412888,68.4548370654672,5.915055060386658e-06,0.0
gnn-mappo_gat,61,sampled,2,0.34700000000000003,0.0,0.0,-0.020722919356130225,0.11624269337921027,75.96172764589734,5.114748406410217e-06,0.0
gnn-mappo_gat,61,sampled,3,0.3440000000000001,0.0,0.0,-0.008603274299586716,0.5193707369057167,74.08652032041621,6.106193614006043e-06,0.0
gnn-mappo_gat,61,sampled,4,0.354,0.0,0.0,0.05395826429537506,0.5020955081809934,73.14924807568605,3.911491620540619e-06,0.0
gnn-mappo_gat,61,sampled,5,0.3500000000000001,0.0,0.0,-0.03162271077934944,0.1987777614424395,76.51361404247848,7.594087076187134e-06,0.0
gnn-mappo_gat,61,sampled,6,0.35900000000000004,0.0,0.0,-0.031502781148737086,0.2809585925754581,76.92896650854433,4.937341213226318e-06,0.0
gnn-mappo_gat,61,sampled,7,0.348,0.0,0.0,-0.014342142964055542,0.33060143151130167,71.73817767815908,9.278291416168211e-06,0.0
gnn-mappo_gat,61,sampled,8,0.36700000000000005,0.0,0.0,-0.024668433211268954,0.13822582211505868,76.769795823501,7.701036882400513e-06,0.0
gnn-mappo_gat,61,sampled,9,0.398,0.0,0.0,0.01756250897377636,0.4893736892785254,56.525712875253376,5.893826699256897e-06,0.0
ippo,42,greedy,0,0.6809999999999999,0.005,0.0,-0.1181606256192648,0.582193808069428,68.03892946716607,3.9462098479270933e-07,0.0
ippo,42,greedy,1,0.6029999999999999,0.005,0.0,-0.19798989999502464,-0.09755233676665337,76.71040008482824,1.7211273312568665e-07,0.0
ippo,42,greedy,2,0.6049999999999999,0.005,0.0,-0.1939792543545818,-0.04837166668094598,76.76928006104141,1.5302620828151706e-06,0.0
ippo,42,greedy,3,0.6089999999999999,0.02,0.0,-0.1858763262021733,0.6009758927907531,76.38144006324107,1.6932648420333863e-06,0.0
ippo,42,greedy,4,0.6089999999999999,0.005,0.0,-0.18622975009304152,-0.04650659156969128,76.63616007755823,1.3955764770507813e-06,0.0
ippo,42,greedy,5,0.6019999999999999,0.005,0.0,-0.2,-0.18563413809708032,76.62720014202267,2.5391600131988527e-06,0.0
ippo,42,greedy,6,0.6049999999999999,0.005,0.0,-0.19397960097517294,0.02369412227848002,76.81280007967972,2.809523105621338e-06,0.0
ippo,42,greedy,7,0.8119999999999998,0.455,0.0,0.6667034030760396,0.985164279808145,66.05696736056883,5.8115806579589844e-06,0.0
ippo,42,greedy,8,0.6149999999999999,0.005,0.0,-0.17387860092541918,0.3305610956138091,76.63744006598748,2.659980297088623e-06,0.0
ippo,42,greedy,9,0.7019999999999998,0.005,0.0,0.00014142664215683888,0.9955131694157624,68.71981319793935,2.6660600304603575e-07,0.0
ippo,42,sampled,0,0.37300000000000005,0.0,0.0,-0.0002857588298539257,0.43559072804488286,63.883289861660906,2.024584209918976e-06,0.0
ippo,42,sampled,1,0.363,0.0,0.0,-0.016138968742500502,0.2013958348397784,68.07520436384108,3.237381744384766e-06,0.0
ippo,42,sampled,2,0.371,0.0,0.0,-0.04442795332459432,0.10765720844137786,76.47695208480334,2.4813869595527647e-06,0.0
ippo,42,sampled,3,0.36700000000000005,0.0,0.0,0.0050815511103259135,0.49659194351474073,75.68781820971269,3.143803226947785e-06,0.0
ippo,42,sampled,4,0.3550000000000001,0.0,0.0,0.054569580508157564,0.4470509797730865,74.88848581612513,3.3769057750701903e-06,0.0
ippo,42,sampled,5,0.38600000000000007,0.0,0.0,-0.0014927908045082414,0.2551088583025954,76.68082167456896,4.974907374382019e-06,0.0
ippo,42,sampled,6,0.37,0.0,0.0,-0.01876306354468197,0.3045370520816531,77.03168000000008,4.254598021507263e-06,0.0
ippo,42,sampled,7,0.345,0.0,0.0,-0.028016169065060947,0.27752515593695254,74.06623352323551,2.5909776449203492e-06,0.0
ippo,42,sampled,8,0.35200000000000004,0.0,0.0,-0.02790582594307329,0.1475896754008668,76.76933738307443,6.278191184997559e-06,0.0
ippo,42,sampled,9,0.37500000000000006,0.0,0.0,-0.00872482281196216,0.48353242828891335,57.22327192247839,7.231053352355957e-07,0.0
ippo,43,greedy,0,0.8,0.5,0.0,0.38059208033388897,0.9998468528806077,64.30748968289598,4.699926853179931e-06,0.0
ippo,43,greedy,1,0.8009999999999999,0.5,0.0,0.5354440602504167,0.9995752246662599,62.97732866806705,7.5989632606506345e-06,0.0
ippo,43,greedy,2,0.8,0.5,0.0,0.9999999999999999,0.9999999999999986,76.7805220437567,1.5989782810211182e-06,0.0
ippo,43,greedy,3,0.8009999999999999,0.5,0.0,0.38059208033388897,0.9998323188028884,76.49214090326677,6.5764012336730955e-06,0.0
ippo,43,greedy,4,0.8,0.5,0.0,0.692543937386883,0.998274816058573,76.74693245874738,2.5980546474456787e-06,0.0
ippo,43,greedy,5,0.8009999999999999,0.5,0.0,0.5354440602504167,0.999967421839084,76.76422721705134,2.6661267280578614e-06,0.0
ippo,43,greedy,6,0.845,0.5,0.0,0.7694079530401624,0.996511726417061,76.90422403181414,2.887225866317749e-06,0.0
ippo,43,greedy,7,0.8,0.5,0.0,0.9999999999999999,0.9999999999999993,69.56673546101406,5.961012363433838e-06,0.0
ippo,43,greedy,8,0.9009999999999999,0.505,0.0,0.6283552482003334,0.9999118592735726,76.63879134230856,2.787352800369263e-06,0.0
ippo,43,greedy,9,0.8,0.5,0.0,0.9999999999999999,0.9999999999999997,61.661187271783625,2.9295161366462706e-07,0.0
ippo,43,sampled,0,0.37400000000000005,0.0,0.0,-0.030058625549676376,0.3958010182130502,63.314245631870754,1.2904565393924716e-06,0.0
ippo,43,sampled,1,0.364,0.0,0.0,-0.02507261683025839,0.19586071359760687,65.4858005726067,2.2452120184898378e-06,0.0
ippo,43,sampled,2,0.38,0.0,0.0,-0.010340112500329065,0.1877287091154652,76.5787920130063,2.839849436283112e-06,0.0
ippo,43,sampled,3,0.381,0.0,0.0,-0.01791304914611337,0.4734663401684641,75.45837379401915,3.052852511405945e-06,0.0
ippo,43,sampled,4,0.368,0.0,0.0,0.07299690497851352,0.45027460705243216,74.82405936720625,3.362947475910187e-06,0.0
ippo,43,sampled,5,0.37200000000000005,0.0,0.0,-0.024419539286794197,0.2681450025202489,76.68582440232711,5.2299569606781e-06,0.0
ippo,43,sampled,6,0.3760000000000001,0.0,0.0,-0.007117036961619018,0.3881391394566836,77.0047326791274,4.250212097167969e-06,0.0
ippo,43,sampled,7,0.3660000000000001,0.0,0.0,-0.03313585770711201,0.29953749546825253,73.30925251542223,2.9280002236366277e-06,0.0
ippo,43,sampled,8,0.361,0.005,0.0,-0.028374970977551612,0.6846705694703958,76.76930932199899,5.698662209510803e-06,0.0
ippo,43,sampled,9,0.38300000000000006,0.0,0.0,-0.03644149060659045,0.4235295035638346,55.0397944650118,7.290731459856033e-07,0.0
ippo,44,greedy,0,1.0,1.0,0.0,0.9999999999999998,0.9999999999999993,62.37031800451364,3.8568103790283206e-05,0.0
ippo,44,greedy,1,1.0,1.0,0.0,0.9999999999999998,0.9999999999999997,62.9921875583417,3.8854141235351564e-05,0.0
ippo,44,greedy,2,1.0,1.0,0.0,0.9999999999999998,0.9999999999999997,73.95640091949521,3.81121940612793e-05,0.0
ippo,44,greedy,3,1.0,1.0,0.0,0.9999999999999998,0.9999999999999989,74.98335606731641,3.952708053588867e-05,0.0
ippo,44,greedy,4,1.0,1.0,0.0,0.9999999999999998,0.9999999999999997,73.70730959004126,3.803137969970703e-05,0.0
ippo,44,greedy,5,1.0,1.0,0.0,0.9999999999999998,0.9999999999999994,76.84992,3.755403137207031e-05,0.0
ippo,44,greedy,6,1.0,1.0,0.0,0.9999999999999998,0.9999999999999993,77.03168,3.823892211914062e-05,0.0
ippo,44,greedy,7,1.0,1.0,0.0,0.9999999999999998,0.9999999999999994,66.79129793416875,3.838074111938476e-05,0.0
ippo,44,greedy,8,1.0,1.0,0.0,0.9999999999999998,0.9999999999999994,76.77312,4.126016235351562e-05,0.0
ippo,44,greedy,9,1.0,1.0,0.0,0.9999999999999998,0.9999999999999997,52.1143695904926,3.505894470214844e-05,0.0
ippo,44,sampled,0,0.371,0.0,0.0,-0.007192657215928981,0.4350980514632289,63.57156943570632,1.7584346175193789e-06,0.0
ippo,44,sampled,1,0.361,0.0,0.0,-0.0317097839988306,0.184179770187952,65.57892792497132,2.3810821175575258e-06,0.0
ippo,44,sampled,2,0.37400000000000005,0.0,0.0,-0.03603221309612061,0.16229412440555774,76.31735797191507,2.8424919128417968e-06,0.0
ippo,44,sampled,3,0.364,0.0,0.0,-0.020670032128812337,0.47601174178260247,75.19717691226506,3.292451906204224e-06,0.0
ippo,44,sampled,4,0.36800000000000005,0.005,0.0,0.07236445768566559,0.8614153602229606,74.76863616490601,3.362947475910187e-06,0.0
ippo,44,sampled,5,0.36700000000000005,0.0,0.0,-0.004551380739911601,0.29289607967757514,76.60958204447324,5.429167771339417e-06,0.0
ippo,44,sampled,6,0.36400000000000005,0.0,0.0,-0.013946726512098998,0.31949284473335704,76.96601652837691,4.265947222709656e-06,0.0
ippo,44,sampled,7,0.365,0.0,0.0,-0.020783414209416252,0.30884765909505363,73.03114141348259,3.00490974187851e-06,0.0
ippo,44,sampled,8,0.366,0.0,0.0,-0.020104286435240922,0.14676885669248282,76.76930932199893,6.336458945274353e-06,0.0
ippo,44,sampled,9,0.377,0.0,0.0,-0.016360326778574293,0.4827107582546269,55.304880164856506,7.437886536121368e-07,0.0
ippo,45,greedy,0,0.909,0.67,0.0,0.6940726298073769,0.9965051171596118,70.42140983841038,2.2481744289398194e-06,0.0
ippo,45,greedy,1,0.92,0.71,0.0,0.747530736966957,0.9903210387728787,71.79352690112842,7.447786331176758e-06,0.0
ippo,45,greedy,2,0.9119999999999999,0.75,0.0,0.7575525026454997,0.9971175326811699,75.89908375774465,1.7342524707317353e-06,0.0
ippo,45,greedy,3,0.905,0.65,0.0,0.6819337836758066,0.9979936198771864,75.51417088631305,2.607198715209961e-06,0.0
ippo,45,greedy,4,0.946,0.74,0.0,0.8016003752130796,0.9997444387878908,75.81965770977817,2.7745254039764403e-06,0.0
ippo,45,greedy,5,0.9630000000000001,0.815,0.0,0.8700182662173352,0.9992392530127063,76.82991190961476,3.755403137207031e-05,0.0
ippo,45,greedy,6,0.961,0.81,0.0,0.860994824014211,0.9989736706376864,76.25902807083453,3.823892211914062e-05,0.0
ippo,45,greedy,7,0.915,0.7,0.0,0.737267936783319,0.9960663302296883,71.74634688487787,5.8115806579589844e-06,0.0
ippo,45,greedy,8,0.9730000000000001,0.865,0.0,0.9024598766388843,0.9985928289347064,76.77311999999984,4.126016235351562e-05,0.0
ippo,45,greedy,9,0.9259999999999999,0.71,0.0,0.7566326300355118,0.9993809876796375,71.9469673738896,3.8504844903945925e-07,0.0
ippo,45,sampled,0,0.36700000000000005,0.0,0.0,-0.01122243867002013,0.44473169698721654,63.47633007072293,2.1033902883529667e-06,0.0
ippo,45,sampled,1,0.364,0.0,0.0,-0.01937281752566704,0.2081031433322702,68.67004464204321,3.6113207578659055e-06,0.0
ippo,45,sampled,2,0.36700000000000005,0.0,0.0,-0.04165142482230201,0.11479140746653164,76.29721049574408,3.045914578437806e-06,0.0
ippo,45,sampled,3,0.36700000000000005,0.0,0.0,-0.008584966641347704,0.5054149076122952,75.03311557099806,3.146168696880341e-06,0.0
ippo,45,sampled,4,0.36300000000000004,0.0,0.0,0.06146851896242581,0.44891982870543784,74.94873261231423,3.5885367989540106e-06,0.0
ippo,45,sampled,5,0.36900000000000005,0.0,0.0,-0.00354659206142985,0.2761420543672454,76.63162428770205,5.429167771339417e-06,0.0
ippo,45,sampled,6,0.3610000000000001,0.0,0.0,-0.01955271465922602,0.3099638074143158,76.96601652837694,4.250738358497619e-06,0.0
ippo,45,sampled,7,0.35800000000000004,0.0,0.0,-0.028614018234595157,0.29172548778785945,74.80497411789295,3.584623885154724e-06,0.0
ippo,45,sampled,8,0.36200000000000004,0.0,0.0,-0.016908957238173716,0.1971586332885053,76.76931733638715,6.22341022491455e-06,0.0
ippo,45,sampled,9,0.36,0.0,0.0,-0.03597533121861536,0.4587378219045296,56.75456963178002,7.737754374742509e-07,0.0
ippo,46,greedy,0,1.0,1.0,0.0,0.9999999999999998,0.9999999999999989,64.37720924548914,3.8568103790283206e-05,0.0
ippo,46,greedy,1,1.0,1.0,0.0,0.9999999999999998,0.9999999999999991,63.05368436030237,3.8854141235351564e-05,0.0
ippo,46,greedy,2,1.0,1.0,0.0,0.9999999999999998,0.9999999999999982,76.39643549402018,3.81121940612793e-05,0.0
ippo,46,greedy,3,1.0,1.0,0.0,0.9999999999999998,0.9999999999999982,76.61440000000007,3.952708053588867e-05,0.0
ippo,46,greedy,4,1.0,1.0,0.0,0.9999999999999998,0.9999999999999977,75.40876186384969,3.803137969970703e-05,0.0
ippo,46,greedy,5,1.0,1.0,0.0,0.9999999999999998,0.9999999999999977,76.84992,3.755403137207031e-05,0.0
ippo,46,greedy,6,1.0,1.0,0.0,0.9999999999999998,0.9999999999999979,77.03168,3.823892211914062e-05,0.0
ippo,46,greedy,7,1.0,1.0,0.0,0.9999999999999998,0.9999999999999979,69.40762160076478,3.838074111938476e-05,0.0
ippo,46,greedy,8,1.0,1.0,0.0,0.9999999999999998,0.9999999999999988,76.77312,4.126016235351562e-05,0.0
ippo,46,greedy,9,1.0,1.0,0.0,0.9999999999999998,0.999999999999998,52.40432772146324,3.505894470214844e-05,0.0
ippo,46,sampled,0,0.38100000000000006,0.0,0.0,-0.01020874117425083,0.507456816722017,63.78127101687139,1.782568395137787e-06,0.0
ippo,46,sampled,1,0.36800000000000005,0.0,0.0,-0.03149726398659734,0.20004205343571022,67.08635128126171,2.5285828471183783e-06,0.0
ippo,46,sampled,2,0.3710000000000001,0.0,0.0,-0.02998100468024688,0.15119404102194853,76.60250377144675,2.472641313076019e-06,0.0
ippo,46,sampled,3,0.366,0.0,0.0,-0.0186538791509818,0.4671304119759062,75.25773216571994,2.9949410557746886e-06,0.0
ippo,46,sampled,4,0.36800000000000005,0.0,0.0,0.08185117822575376,0.46609503728129315,73.7320952187686,3.376691579818726e-06,0.0
ippo,46,sampled,5,0.37900000000000006,0.0,0.0,-0.03409450620494119,0.235265352669362,76.66741539667686,4.6569551944732665e-06,0.0
ippo,46,sampled,6,0.36800000000000005,0.0,0.0,-0.024308444572454242,0.2939037497918857,76.96601652837693,4.2119088172912594e-06,0.0
ippo,46,sampled,7,0.3660000000000001,0.0,0.0,-0.022779289125842657,0.3038447482016212,72.98446408379068,2.21322306394577e-06,0.0
ippo,46,sampled,8,0.364,0.0,0.0,-0.02315148394498496,0.1667606406354599,76.76930932199889,6.22600462436676e-06,0.0
ippo,46,sampled,9,0.3880000000000001,0.0,0.0,-0.0020620421403664537,0.49265497328307245,55.983803808372635,7.248793572187425e-07,0.0
ippo,47,greedy,0,0.63,0.025,0.0,-0.039315845466355484,0.8245352902104459,69.73342830917456,6.916264414787293e-07,0.0
ippo,47,greedy,1,0.6159999999999998,0.025,0.0,-0.1648004417000104,0.7142961951153378,76.62988451383653,1.720988303422928e-07,0.0
ippo,47,greedy,2,0.7559999999999999,0.31,0.0,0.16697757901868832,0.9811953348841383,74.10971261104261,1.5412343740463256e-06,0.0
ippo,47,greedy,3,0.6149999999999999,0.025,0.0,-0.11327958112685751,0.7883156660356545,76.37444416878613,2.626896035671234e-06,0.0
ippo,47,greedy,4,0.6289999999999999,0.06,0.0,-0.1418576804652973,0.9108547267954294,76.63616007755826,1.3898351192474366e-06,0.0
ippo,47,greedy,5,0.7029999999999998,0.18,0.0,0.051984421328155575,0.9728741072352631,76.42301578759799,2.289318561553955e-06,0.0
ippo,47,greedy,6,0.6329999999999998,0.08,0.0,-0.14998788292671011,0.8626258048206553,76.82560007512684,2.3910825252532958e-06,0.0
ippo,47,greedy,7,0.9940000000000001,0.98,0.0,0.7208387441122353,0.97152924679342,1.595950899229166,1.92895,0.0
ippo,47,greedy,8,0.7399999999999999,0.26,0.0,0.24025345816338026,0.9787428129994451,76.54400008955656,4.7083144187927245e-06,0.0
ippo,47,greedy,9,0.708,0.12,0.0,0.037776071144626236,0.8536687443603557,62.869049214429545,2.6699787378311156e-07,0.0
ippo,47,sampled,0,0.3710000000000001,0.0,0.0,-0.009500688845955823,0.46901950267524944,63.86840120969663,2.0404860615730283e-06,0.0
ippo,47,sampled,1,0.37300000000000005,0.0,0.0,0.0019823862030370924,0.20595021344533732,67.51399943671812,2.931106567382814e-06,0.0
ippo,47,sampled,2,0.37,0.0,0.0,-0.015968689763078556,0.13349031195523248,76.27856661434951,2.7867101430892946e-06,0.0
ippo,47,sampled,3,0.366,0.0,0.0,-0.007585210656058455,0.5160800989388511,74.68250644747503,3.063448107242584e-06,0.0
ippo,47,sampled,4,0.364,0.0,0.0,0.05838567888284096,0.44336195743275253,74.96071914205282,3.3665300965309145e-06,0.0
ippo,47,sampled,5,0.3760000000000001,0.0,0.0,0.011064660732814355,0.25757226522488763,76.60674816923432,5.482965922355653e-06,0.0
ippo,47,sampled,6,0.36,0.0,0.0,-0.018016371237412756,0.3218940583354496,76.88951121461312,4.213559865951538e-06,0.0
ippo,47,sampled,7,0.365,0.0,0.0,-0.02494789612506343,0.28950300925559597,74.9890839110302,3.5860889196395874e-06,0.0
ippo,47,sampled,8,0.37,0.0,0.0,0.01395113167901944,0.18498326210250407,76.76930932199899,6.285375690460205e-06,0.0
ippo,47,sampled,9,0.368,0.0,0.0,-0.005000879277316032,0.46279956368824404,57.381004092775804,7.288619518280029e-07,0.0
ippo,48,greedy,0,0.998,0.995,0.0,0.8253287230050015,0.9988303461804264,64.37979187654481,3.8568103790283206e-05,0.0
ippo,48,greedy,1,0.997,0.99,0.0,0.7629040868804793,0.9956237350690083,63.05489623789257,3.8854141235351564e-05,0.0
ippo,48,greedy,2,0.998,0.995,0.0,0.8253287230050015,0.99785218823908,76.40099109310692,3.81121940612793e-05,0.0
ippo,48,greedy,3,0.9990000000000001,0.995,0.0,0.8835524820033344,0.9999519426247124,76.61440000000007,3.952708053588867e-05,0.0
ippo,48,greedy,4,0.998,0.99,0.0,0.8156399981810865,0.9958900837311593,75.43988368858545,3.803137969970703e-05,0.0
ippo,48,greedy,5,1.0,1.0,0.0,1.0,0.9999988038919116,76.84992,3.755403137207031e-05,0.0
ippo,48,greedy,6,1.0,1.0,0.0,1.0,0.9999959603350186,77.03168,3.823892211914062e-05,0.0
ippo,48,greedy,7,0.996,0.99,0.0,0.737179616515944,0.9960097459441712,69.4481681890473,3.838074111938476e-05,0.0
ippo,48,greedy,8,0.9990000000000001,0.995,0.0,0.9265996684800262,0.9976179692680163,76.77312,4.126016235351562e-05,0.0
ippo,48,greedy,9,0.998,0.995,0.0,0.8253287230050015,0.9992034610252325,52.41390542870352,3.505894470214844e-05,0.0
ippo,48,sampled,0,0.36900000000000005,0.0,0.0,0.0023621498715178783,0.460234933763341,63.8843911265301,2.0224203944206243e-06,0.0
ippo,48,sampled,1,0.37400000000000005,0.0,0.0,-0.027958589829356294,0.2232901973795899,67.43386450030093,2.383233594894409e-06,0.0
ippo,48,sampled,2,0.38,0.0,0.0,-0.02812739572542151,0.12005926668495233,76.30981390434411,2.472641313076019e-06,0.0
ippo,48,sampled,3,0.37300000000000005,0.0,0.0,-0.025177259193054448,0.46592316834040226,75.09412181300897,3.0478285431861877e-06,0.0
ippo,48,sampled,4,0.365,0.0,0.0,0.07633073637970676,0.45607262708441637,73.9788540695482,3.364818203449249e-06,0.0
ippo,48,sampled,5,0.39,0.005,0.0,-0.019873974493556257,0.265228345484504,76.64072909410964,5.0258334875106815e-06,0.0
ippo,48,sampled,6,0.37300000000000005,0.0,0.0,-0.018864744720579887,0.3422270462537335,76.99175594490546,4.213348460197449e-06,0.0
ippo,48,sampled,7,0.36700000000000005,0.0,0.0,-0.03089043922416691,0.2791672235816482,74.62615483929703,2.6870747923851015e-06,0.0
ippo,48,sampled,8,0.37500000000000006,0.0,0.0,-0.013299657585325201,0.20778806455046966,76.76930932199897,6.0994962692260745e-06,0.0
ippo,48,sampled,9,0.377,0.0,0.0,-0.019404703985532578,0.4740980747427443,56.38089813390096,6.900618612766266e-07,0.0
ippo,49,greedy,0,0.7739999999999999,0.24,0.0,0.014768721720344755,0.9499549860600919,66.16010379397126,6.787530779838562e-07,0.0
ippo,49,greedy,1,0.6089999999999999,0.01,0.0,-0.18406985314512836,0.31431344104125586,76.71040008482824,1.7211273312568665e-07,0.0
ippo,49,greedy,2,0.6969999999999998,0.105,0.0,-0.08610867361277694,0.8948907228766136,76.74379755217952,1.5213146209716796e-06,0.0
ippo,49,greedy,3,0.7369999999999999,0.05,0.0,-0.01486868995815816,0.7096422228978614,76.53504001239415,1.693997025489807e-06,0.0
ippo,49,greedy,4,0.7119999999999999,0.13,0.0,-0.026998546121306678,0.9228868085939774,76.69503000722483,1.8203985691070556e-06,0.0
ippo,49,greedy,5,0.68,0.025,0.0,-0.12423102302597018,0.6638604454127764,76.70656009701233,2.5771522521972656e-06,0.0
ippo,49,greedy,6,0.6859999999999998,0.03,0.0,-0.10413709022019772,0.49619995112442544,76.88832004177652,2.809523105621338e-06,0.0
ippo,49,greedy,7,0.8679999999999999,0.67,0.0,0.4301507537688442,0.9998382576398382,69.56753638958614,5.8115806579589844e-06,0.0
ippo,49,greedy,8,0.6609999999999999,0.025,0.0,-0.12187057143052978,0.511916136708688,76.69248003034234,4.721832275390625e-06,0.0
ippo,49,greedy,9,0.8679999999999999,0.67,0.0,0.4301507537688442,0.9999424566385938,63.7685503244132,2.6619264483451844e-07,0.0
ippo,49,sampled,0,0.38300000000000006,0.0,0.0,-0.02916489496802126,0.4424735788112445,64.62324552471136,1.720423007011414e-06,0.0
ippo,49,sampled,1,0.36800000000000005,0.0,0.0,-0.03347115383071135,0.21017355369988136,69.35620806507877,2.381073534488678e-06,0.0
ippo,49,sampled,2,0.385,0.0,0.0,-0.04468966148908721,0.12697477902545398,76.63532026429128,2.4669642567634585e-06,0.0
ippo,49,sampled,3,0.373,0.0,0.0,-0.007153943696510864,0.4854564054627953,75.50834401439683,3.014660429954529e-06,0.0
ippo,49,sampled,4,0.371,0.0,0.0,0.034852222103039385,0.4494498894816658,75.0919791382693,3.258136343955994e-06,0.0
ippo,49,sampled,5,0.38799999999999996,0.0,0.0,-0.002329374711555243,0.2710367920285719,76.84992,5.11789436340332e-06,0.0
ippo,49,sampled,6,0.382,0.0,0.0,-0.008847303954921828,0.3262656634067853,76.96641376453489,4.2128279447555545e-06,0.0
ippo,49,sampled,7,0.371,0.0,0.0,-0.03533887632717622,0.28271587922280556,75.64904360910386,2.573690676689149e-06,0.0
ippo,49,sampled,8,0.368,0.0,0.0,-0.014628670661205212,0.1491015456160852,76.76930932199897,5.660152387619019e-06,0.0
ippo,49,sampled,9,0.38800000000000007,0.0,0.0,-0.02556702992897642,0.5054887498369978,57.59835808421793,6.882897913455963e-07,0.0
ippo,50,greedy,0,0.8839999999999999,0.5,0.0,0.9254814716983816,0.999185601021121,63.52154362149354,4.2695650458335877e-07,0.0
ippo,50,greedy,1,0.9,0.5,0.0,0.9999999999999999,0.9999999999999997,63.780045862420785,2.762638032436371e-07,0.0
ippo,50,greedy,2,0.934,0.71,0.0,0.7701698020275384,0.998482526770023,76.08219456781212,2.266810417175293e-06,0.0
ippo,50,greedy,3,0.977,0.885,0.0,0.9164847573359832,0.9999362274268252,76.1147850379604,3.952708053588867e-05,0.0
ippo,50,greedy,4,0.9720000000000002,0.86,0.0,0.8999999999999998,0.9998169702158247,75.11931216225176,3.803137969970703e-05,0.0
ippo,50,greedy,5,1.0,1.0,0.0,0.9999999999999998,0.9999999999999998,76.84222806272687,3.755403137207031e-05,0.0
ippo,50,greedy,6,1.0,1.0,0.0,0.9999999999999998,0.9999999999999993,77.02309279218238,3.823892211914062e-05,0.0
ippo,50,greedy,7,0.845,0.54,0.0,0.5470125975653725,0.9970264143918726,69.3388313530366,6.538234710693359e-06,0.0
ippo,50,greedy,8,1.0,1.0,0.0,0.9999999999999998,0.9999999999999997,76.77312,4.126016235351562e-05,0.0
ippo,50,greedy,9,0.8,0.5,0.0,0.9999999999999999,0.9999999999999986,55.47818648447377,4.1977226734161376e-07,0.0
ippo,50,sampled,0,0.381,0.0,0.0,0.00713103032699704,0.5266060395850134,63.82795071559912,1.7585804998874666e-06,0.0
ippo,50,sampled,1,0.37000000000000005,0.0,0.0,-0.01569130402636846,0.19240935349537713,67.517817281193,2.2439930081367493e-06,0.0
ippo,50,sampled,2,0.37200000000000005,0.0,0.0,-0.03377486818128598,0.15740942529135427,76.47416372591783,2.7295732378959664e-06,0.0
ippo,50,sampled,3,0.371,0.0,0.0,-0.03593563595409578,0.43664007798354076,75.25425098478422,3.0477010607719423e-06,0.0
ippo,50,sampled,4,0.3710000000000001,0.005,0.0,0.07376938275156406,0.8509154494545923,74.73610030257387,3.3680024147033692e-06,0.0
ippo,50,sampled,5,0.376,0.0,0.0,-0.018176451005538292,0.2682118596200205,76.81313426339518,4.9303367853164676e-06,0.0
ippo,50,sampled,6,0.37200000000000005,0.0,0.0,-0.034985332063512446,0.2920810339859169,76.96641376453492,4.107262635231019e-06,0.0
ippo,50,sampled,7,0.375,0.0,0.0,-0.009399741273796888,0.3416613437621087,74.03644714985079,2.217928194999695e-06,0.0
ippo,50,sampled,8,0.35800000000000004,0.0,0.0,-0.035370489208546685,0.16224822332078875,76.76932936256149,5.973371076583862e-06,0.0
ippo,50,sampled,9,0.393,0.0,0.0,-0.04155250869448993,0.39755053978547794,55.54226125857015,6.096212536096573e-07,0.0
ippo,51,greedy,0,1.0,1.0,0.0,0.9999999999999998,0.9999999999999976,64.38003275684702,3.8568103790283206e-05,0.0
ippo,51,greedy,1,1.0,1.0,0.0,0.9999999999999998,0.9999999999999973,63.05500386569647,3.8854141235351564e-05,0.0
ippo,51,greedy,2,1.0,1.0,0.0,0.9999999999999998,0.9999999999999991,76.40099109310692,3.81121940612793e-05,0.0
ippo,51,greedy,3,1.0,1.0,0.0,0.9999999999999998,0.9999999999999991,76.61440000000007,3.952708053588867e-05,0.0
ippo,51,greedy,4,1.0,1.0,0.0,0.9999999999999998,0.999999999999998,75.43735434821596,3.803137969970703e-05,0.0
ippo,51,greedy,5,1.0,1.0,0.0,0.9999999999999998,0.9999999999999982,76.84992,3.755403137207031e-05,0.0
ippo,51,greedy,6,1.0,1.0,0.0,0.9999999999999998,0.9999999999999986,77.03168,3.823892211914062e-05,0.0
ippo,51,greedy,7,1.0,1.0,0.0,0.9999999999999998,0.9999999999999976,69.45402714301053,3.838074111938476e-05,0.0
ippo,51,greedy,8,1.0,1.0,0.0,0.9999999999999998,0.9999999999999986,76.77312,4.126016235351562e-05,0.0
ippo,51,greedy,9,1.0,1.0,0.0,0.9999999999999998,0.9999999999999993,52.41178739859056,3.505894470214844e-05,0.0
ippo,51,sampled,0,0.40299999999999997,0.005,0.0,-0.004415693217448566,0.7490633038747341,63.93417813844049,8.190507560968399e-07,0.0
ippo,51,sampled,1,0.382,0.0,0.0,-0.03168406968112671,0.23825289644453473,66.37330765331333,1.178471553325653e-06,0.0
ippo,51,sampled,2,0.38400000000000006,0.0,0.0,-0.03283817222732168,0.19314342219890712,76.82201971820407,2.111957406997681e-06,0.0
ippo,51,sampled,3,0.397,0.0,0.0,-0.011914441273818145,0.44272736154351505,75.94545292539503,2.882723879814148e-06,0.0
ippo,51,sampled,4,0.387,0.005,0.0,0.025370709084859187,0.8060901559392482,74.40439396887129,3.2158565521240233e-06,0.0
ippo,51,sampled,5,0.403,0.0,0.0,-0.030215642847987473,0.27408238111991756,76.65290229659684,4.28600914478302e-06,0.0
ippo,51,sampled,6,0.377,0.0,0.0,-0.01818588389924432,0.3518966736991521,76.91163104397484,4.214961099624633e-06,0.0
ippo,51,sampled,7,0.376,0.0,0.0,-0.019342049891036966,0.2835894052606601,74.3198579291033,2.1702377796173095e-06,0.0
ippo,51,sampled,8,0.376,0.005,0.0,-0.001745937823537794,0.6663158761353507,76.76930932199903,5.696016931533814e-06,0.0
ippo,51,sampled,9,0.418,0.0,0.0,-0.037104014116400366,0.3865992457100248,56.07217038522352,5.956157445907593e-07,0.0
ippo,52,greedy,0,0.5429999999999999,0.015,0.0,-0.05785665074876058,0.7896120836715366,73.99699477319818,6.796249747276306e-07,0.0
ippo,52,greedy,1,0.4809999999999999,0.015,0.0,-0.02138184211745931,0.6814151309332138,74.15764529041874,1.1763573884963989e-06,0.0
ippo,52,greedy,2,0.5209999999999999,0.015,0.0,-0.0893280624361927,0.7140197267821973,72.99156915747415,1.5187476873397827e-06,0.0
ippo,52,greedy,3,0.587,0.035,0.0,0.021729843476170255,0.8404490610588429,73.66184990905751,2.1832144260406493e-06,0.0
ippo,52,greedy,4,0.54,0.015,0.0,-0.038455734871781375,0.7753069698669517,71.95581080907694,1.3898351192474366e-06,0.0
ippo,52,greedy,5,0.7249999999999999,0.015,0.0,0.13398715469635913,0.8346788506965869,75.9874152787604,2.262449264526367e-06,0.0
ippo,52,greedy,6,0.61,0.145,0.0,0.19874758132373413,0.7902379270612168,74.50025544894707,2.792953979969025e-06,0.0
ippo,52,greedy,7,0.625,0.07,0.0,0.11152702503385922,0.8093319146450233,64.205623420272,5.8115806579589844e-06,0.0
ippo,52,greedy,8,0.547,0.015,0.0,-0.10258447676494728,0.7937992127632635,76.55680010612117,2.6922194957733156e-06,0.0
ippo,52,greedy,9,0.4360000000000001,0.015,0.0,0.08918683981356874,0.8805099948814565,65.2949676791614,2.6675578951835633e-07,0.0
ippo,52,sampled,0,0.365,0.0,0.0,-0.03345681263424895,0.46135659215540903,63.50477411543099,2.2898337244987487e-06,0.0
ippo,52,sampled,1,0.353,0.0,0.0,-0.01912811292032346,0.21013878169269823,67.36842039583024,3.611375367641449e-06,0.0
ippo,52,sampled,2,0.3660000000000001,0.0,0.0,-0.026166560144681706,0.1119035028455029,76.11538614802905,3.868065571784974e-06,0.0
ippo,52,sampled,3,0.361,0.0,0.0,0.008187491210373802,0.564717095813579,74.9130790392691,3.662532496452332e-06,0.0
ippo,52,sampled,4,0.365,0.0,0.0,0.06867468922000308,0.48237949770950717,74.18049839711828,3.705882394313812e-06,0.0
ippo,52,sampled,5,0.375,0.0,0.0,0.006227030612868139,0.23030243485141194,76.5280321411824,6.642495584487915e-06,0.0
ippo,52,sampled,6,0.3460000000000001,0.0,0.0,-0.05118295988016382,0.2926038951387605,76.96753332129632,4.408223819732666e-06,0.0
ippo,52,sampled,7,0.35,0.0,0.0,-0.01390145508986966,0.29930221156372394,74.07965862132768,5.731911325454717e-06,0.0
ippo,52,sampled,8,0.358,0.0,0.0,-0.01456035726979441,0.1417052572665062,76.769309321999,6.704533863067627e-06,0.0
ippo,52,sampled,9,0.37,0.0,0.0,-0.004478488731391643,0.48248676287344994,56.4355010788328,7.754266858100891e-07,0.0
ippo,53,greedy,0,0.6979999999999998,0.065,0.0,0.03479894570181928,0.925941066328386,70.77288459674696,6.79937094449997e-07,0.0
ippo,53,greedy,1,0.6089999999999999,0.01,0.0,-0.17349515217260708,0.6115080452363699,76.54463168903969,1.7203114926815033e-07,0.0
ippo,53,greedy,2,0.6039999999999999,0.005,0.0,-0.18597937247097923,0.5486288613664764,76.67840011107512,1.4989444017410278e-06,0.0
ippo,53,greedy,3,0.6439999999999999,0.03,0.0,-0.112777727054715,0.7179963013402333,76.3098234842104,1.6928898096084595e-06,0.0
ippo,53,greedy,4,0.6789999999999998,0.005,0.0,-0.03866412400370632,0.5943077529487361,75.54279012650665,1.8203985691070556e-06,0.0
ippo,53,greedy,5,0.6019999999999999,0.005,0.0,-0.19247543346594526,0.6847988508937832,76.69632004824172,2.5391600131988527e-06,0.0
ippo,53,greedy,6,0.6059999999999998,0.005,0.0,-0.18196919732937716,0.5834359003140372,76.8230400813761,2.756728410720825e-06,0.0
ippo,53,greedy,7,0.7339999999999998,0.335,0.0,0.3909154048528023,0.993131322404265,65.47788587840003,5.8115806579589844e-06,0.0
ippo,53,greedy,8,0.6019999999999999,0.005,0.0,-0.1914916365516619,0.5153231181852782,76.60672005560215,2.707059144973755e-06,0.0
ippo,53,greedy,9,0.691,0.04,0.0,-0.0035926747846890426,0.941733277881802,69.29735434127373,2.6660600304603575e-07,0.0
ippo,53,sampled,0,0.37900000000000006,0.0,0.0,-0.02140020000397657,0.4774749067398701,64.3999679874306,1.8314941644668578e-06,0.0
ippo,53,sampled,1,0.36200000000000004,0.0,0.0,0.00394571720723025,0.19005242788104612,68.72511760504548,2.3832162499427793e-06,0.0
ippo,53,sampled,2,0.369,0.0,0.0,-0.04865056924645665,0.06526413151368002,76.06988254653506,3.116691553592682e-06,0.0
ippo,53,sampled,3,0.373,0.0,0.0,-0.0065911983215408,0.49283150552962535,75.17354191720237,3.204332113265991e-06,0.0
ippo,53,sampled,4,0.36400000000000005,0.0,0.0,0.0507330232259134,0.4534540095134159,74.63381703393058,3.6007295131683346e-06,0.0
ippo,53,sampled,5,0.37300000000000005,0.0,0.0,-0.01025297208919527,0.2671923724762324,76.70911298730228,6.518734526634218e-06,0.0
ippo,53,sampled,6,0.36200000000000004,0.0,0.0,-0.024741110430488027,0.326183490360561,77.00473267912743,4.331451606750488e-06,0.0
ippo,53,sampled,7,0.36200000000000004,0.0,0.0,-0.01374278907550482,0.3038593377251141,75.36556011884109,3.585475742816925e-06,0.0
ippo,53,sampled,8,0.363,0.0,0.0,-0.024655032821934847,0.11470470483779023,76.76930932199902,6.336458945274353e-06,0.0
ippo,53,sampled,9,0.37900000000000006,0.0,0.0,-0.012401386691804942,0.5126193669339008,56.8332565570699,8.156393826007844e-07,0.0
ippo,54,greedy,0,1.0,1.0,0.0,0.9999999999999998,0.9999999999999993,56.939776016833854,3.8568103790283206e-05,0.0
ippo,54,greedy,1,0.956,0.78,0.0,0.8494438257849295,0.9963592384559619,62.264724737936504,3.8854141235351564e-05,0.0
ippo,54,greedy,2,1.0,1.0,0.0,0.9999999999999998,0.9999999999999993,66.56797335824902,3.81121940612793e-05,0.0
ippo,54,greedy,3,1.0,1.0,0.0,0.9999999999999998,0.9999999999999979,69.13196529048207,3.952708053588867e-05,0.0
ippo,54,greedy,4,1.0,1.0,0.0,0.9999999999999998,0.9999999999999994,70.39815073009002,3.803137969970703e-05,0.0
ippo,54,greedy,5,1.0,1.0,0.0,0.9999999999999998,0.9999999999999994,75.36207307624154,3.755403137207031e-05,0.0
ippo,54,greedy,6,1.0,1.0,0.0,0.9999999999999998,0.9999999999999982,75.80938373959587,3.823892211914062e-05,0.0
ippo,54,greedy,7,1.0,1.0,0.0,0.9999999999999998,0.9999999999999991,61.49412092572653,3.838074111938476e-05,0.0
ippo,54,greedy,8,1.0,1.0,0.0,0.9999999999999998,0.9999999999999989,76.61508638270169,4.126016235351562e-05,0.0
ippo,54,greedy,9,0.9279999999999998,0.725,0.0,0.7782953793386652,0.9993440871356771,56.14673985657012,4.2211771011352537e-07,0.0
ippo,54,sampled,0,0.392,0.0,0.0,-0.01888111940101071,0.5017809412341911,63.87262160513425,1.1556677281856538e-06,0.0
ippo,54,sampled,1,0.385,0.0,0.0,-0.022977367724884814,0.1941051128439862,67.54244255131107,2.1248145937919617e-06,0.0
ippo,54,sampled,2,0.38299999999999995,0.0,0.0,-0.025915100178453727,0.19749525036388124,76.70131583621107,2.449743163585663e-06,0.0
ippo,54,sampled,3,0.38299999999999995,0.0,0.0,-0.027904389680524777,0.44946072090183475,75.1124196794571,2.8053569555282594e-06,0.0
ippo,54,sampled,4,0.387,0.0,0.0,0.068557172250638,0.5018975912361403,75.35023370657433,3.2669580340385436e-06,0.0
ippo,54,sampled,5,0.38600000000000007,0.0,0.0,-0.013873599294101391,0.2537459145206479,76.70486246956115,4.655476832389832e-06,0.0
ippo,54,sampled,6,0.381,0.0,0.0,-0.00900037046695204,0.3948158837496652,77.00473267912739,4.142977404594421e-06,0.0
ippo,54,sampled,7,0.37400000000000005,0.0,0.0,-0.014617064731687807,0.3360781346332651,74.41181371757597,2.213140547275543e-06,0.0
ippo,54,sampled,8,0.373,0.0,0.0,-0.028555897663301365,0.17287307716865777,76.76930932199893,5.6742472887039185e-06,0.0
ippo,54,sampled,9,0.4010000000000001,0.005,0.0,-0.033249463472134075,0.7629056975842473,57.01674826202165,5.783797830343247e-07,0.0
ippo,55,greedy,0,1.0,1.0,0.0,0.9999999999999998,0.9999999999999976,64.38003275684702,3.8568103790283206e-05,0.0
ippo,55,greedy,1,1.0,1.0,0.0,0.9999999999999998,0.9999999999999973,63.05500386569647,3.8854141235351564e-05,0.0
ippo,55,greedy,2,1.0,1.0,0.0,0.9999999999999998,0.9999999999999991,76.40099109310692,3.81121940612793e-05,0.0
ippo,55,greedy,3,1.0,1.0,0.0,0.9999999999999998,0.9999999999999991,76.61440000000007,3.952708053588867e-05,0.0
ippo,55,greedy,4,1.0,1.0,0.0,0.9999999999999998,0.999999999999998,75.43735434821596,3.803137969970703e-05,0.0
ippo,55,greedy,5,1.0,1.0,0.0,0.9999999999999998,0.9999999999999982,76.84992,3.755403137207031e-05,0.0
ippo,55,greedy,6,1.0,1.0,0.0,0.9999999999999998,0.9999999999999986,77.03168,3.823892211914062e-05,0.0
ippo,55,greedy,7,1.0,1.0,0.0,0.9999999999999998,0.9999999999999976,69.45402714301053,3.838074111938476e-05,0.0
ippo,55,greedy,8,1.0,1.0,0.0,0.9999999999999998,0.9999999999999986,76.77312,4.126016235351562e-05,0.0
ippo,55,greedy,9,1.0,1.0,0.0,0.9999999999999998,0.9999999999999993,52.41178739859056,3.505894470214844e-05,0.0
ippo,55,sampled,0,0.3780000000000001,0.0,0.0,0.010554536111614993,0.5608961281902368,64.20743683920185,2.1632401823997506e-06,0.0
ippo,55,sampled,1,0.37400000000000005,0.0,0.0,-0.026948608283108362,0.18414353972407432,68.60000252725521,2.5257631778717047e-06,0.0
ippo,55,sampled,2,0.365,0.0,0.0,-0.02842792311780929,0.1225351077602099,76.21354028718395,2.731422781944275e-06,0.0
ippo,55,sampled,3,0.365,0.0,0.0,-0.024157233672356615,0.4395540830388165,75.56303984673734,2.9700295805931095e-06,0.0
ippo,55,sampled,4,0.365,0.0,0.0,0.05686677533441649,0.5022493002545491,74.44116089143198,3.4808207869529726e-06,0.0
ippo,55,sampled,5,0.38400000000000006,0.0,0.0,-0.015031568624853706,0.24323672911767566,76.6718248268444,5.144152402877809e-06,0.0
ippo,55,sampled,6,0.36500000000000005,0.0,0.0,-0.02820880524481954,0.2918513866054497,76.96641376453492,4.250429940223694e-06,0.0
ippo,55,sampled,7,0.365,0.0,0.0,-0.015080172992595814,0.3179476814345554,73.78358943993527,2.630383062362671e-06,0.0
ippo,55,sampled,8,0.35600000000000004,0.0,0.0,-0.018932606169998544,0.1599984793200659,76.76930932199896,6.177843523025513e-06,0.0
ippo,55,sampled,9,0.375,0.0,0.0,-0.023536213423098508,0.4976985954094788,56.67791261449468,7.169143617153168e-07,0.0
ippo,56,greedy,0,0.794,0.015,0.0,0.039122187036547816,0.6556472185512461,64.44796409906505,4.678551197052002e-06,0.0
ippo,56,greedy,1,0.6999999999999998,0.005,0.0,-0.04845512826740924,0.7794564518271896,74.74928714572202,7.626969337463379e-06,0.0
ippo,56,greedy,2,0.6779999999999998,0.015,0.0,-0.12079247670472752,0.3936201810156527,76.76928006104141,1.5324699878692627e-06,0.0
ippo,56,greedy,3,0.7709999999999999,0.015,0.0,-0.060637267884025445,0.5213803939281275,76.47593554981071,4.285810470581055e-06,0.0
ippo,56,greedy,4,0.8109999999999999,0.215,0.0,0.1518620932587598,0.923296244322931,76.46239587813301,2.4812083244323732e-06,0.0
ippo,56,greedy,5,0.6069999999999999,0.005,0.0,-0.19041847580288473,0.03341893968685176,76.61184010880099,2.289318561553955e-06,0.0
ippo,56,greedy,6,0.6339999999999998,0.075,0.0,-0.15882925714593657,0.8432140586517761,76.88832004177648,2.809523105621338e-06,0.0
ippo,56,greedy,7,0.7040000000000001,0.015,0.0,0.00404379637909027,0.515904101244877,69.44730602923457,5.824079513549804e-06,0.0
ippo,56,greedy,8,0.6029999999999999,0.005,0.0,-0.19799980098512365,0.21926022121020333,76.63744006598748,2.659980297088623e-06,0.0
ippo,56,greedy,9,0.7229999999999999,0.065,0.0,-0.02027986224054188,0.845205229273265,63.31690488803227,2.6699787378311156e-07,0.0
ippo,56,sampled,0,0.366,0.0,0.0,-0.047810079080141565,0.45256185445216196,64.03041346806266,1.9110170662403107e-06,0.0
ippo,56,sampled,1,0.36400000000000005,0.0,0.0,-0.0012642569425254657,0.20413686695722122,68.45208395731727,3.2086585640907294e-06,0.0
ippo,56,sampled,2,0.36300000000000004,0.0,0.0,-0.03722992838852527,0.10075952292451687,76.3850614411328,2.7433259963989258e-06,0.0
ippo,56,sampled,3,0.37000000000000005,0.0,0.0,-0.0021900485276793264,0.5236965367084432,74.93400465198728,3.0787869334220884e-06,0.0
ippo,56,sampled,4,0.36,0.0,0.0,0.07484489796077609,0.4943994261572778,74.4199893402059,3.3969539999961852e-06,0.0
ippo,56,sampled,5,0.36700000000000005,0.0,0.0,-0.006871561113185111,0.2589288677253475,76.65207965572138,5.024193048477173e-06,0.0
ippo,56,sampled,6,0.35200000000000004,0.0,0.0,-0.042843531393321053,0.2949524970348096,76.97245012371557,4.107262635231019e-06,0.0
ippo,56,sampled,7,0.3610000000000001,0.0,0.0,-0.022513814468108583,0.27705173288917384,74.53874227363706,2.5072126388549813e-06,0.0
ippo,56,sampled,8,0.36400000000000005,0.0,0.0,0.0021941997642754897,0.1734805257846994,76.76930932199896,6.250811457633972e-06,0.0
ippo,56,sampled,9,0.37900000000000006,0.0,0.0,-0.03571859670681497,0.5139689992344365,56.84371317956476,6.603124529123306e-07,0.0
ippo,57,greedy,0,1.0,1.0,0.0,0.9999999999999998,0.9999999999999976,64.38003275684702,3.8568103790283206e-05,0.0
ippo,57,greedy,1,1.0,1.0,0.0,0.9999999999999998,0.9999999999999973,63.05500386569647,3.8854141235351564e-05,0.0
ippo,57,greedy,2,1.0,1.0,0.0,0.9999999999999998,0.9999999999999991,76.40099109310692,3.81121940612793e-05,0.0
ippo,57,greedy,3,1.0,1.0,0.0,0.9999999999999998,0.9999999999999991,76.61440000000007,3.952708053588867e-05,0.0
ippo,57,greedy,4,1.0,1.0,0.0,0.9999999999999998,0.999999999999998,75.43735434821596,3.803137969970703e-05,0.0
ippo,57,greedy,5,1.0,1.0,0.0,0.9999999999999998,0.9999999999999982,76.84992,3.755403137207031e-05,0.0
ippo,57,greedy,6,1.0,1.0,0.0,0.9999999999999998,0.9999999999999986,77.03168,3.823892211914062e-05,0.0
ippo,57,greedy,7,1.0,1.0,0.0,0.9999999999999998,0.9999999999999976,69.45402714301053,3.838074111938476e-05,0.0
ippo,57,greedy,8,1.0,1.0,0.0,0.9999999999999998,0.9999999999999986,76.77312,4.126016235351562e-05,0.0
ippo,57,greedy,9,1.0,1.0,0.0,0.9999999999999998,0.9999999999999993,52.41178739859056,3.505894470214844e-05,0.0
ippo,57,sampled,0,0.398,0.005,0.0,-0.007183027882255488,0.7665356143738868,63.36314988859702,1.9111212015151976e-06,0.0
ippo,57,sampled,1,0.38299999999999995,0.0,0.0,-0.03885554689096732,0.20572493790168256,67.36769646865187,2.373115921020508e-06,0.0
ippo,57,sampled,2,0.37800000000000006,0.005,0.0,-0.022209273262969,0.611622715195576,75.98833806281374,2.004006105661392e-06,0.0
ippo,57,sampled,3,0.374,0.0,0.0,-0.03834021832576996,0.4234654537430191,75.21654138128383,2.8457209467887877e-06,0.0
ippo,57,sampled,4,0.385,0.0,0.0,0.05010784616869174,0.5249555271033228,73.87458422734358,3.3600361943244935e-06,0.0
ippo,57,sampled,5,0.406,0.0,0.0,-0.002750117506249779,0.31054308025006244,76.69895414687775,4.541039967536927e-06,0.0
ippo,57,sampled,6,0.387,0.0,0.0,-0.01893147745942302,0.3383326668088852,76.76537188835229,4.261351323127746e-06,0.0
ippo,57,sampled,7,0.39100000000000007,0.0,0.0,0.0060299986949143,0.32077051273993595,73.15933421590145,2.183837866783142e-06,0.0
ippo,57,sampled,8,0.38,0.0,0.0,-0.0441352926573693,0.15833015832372274,76.76933738307443,5.033371496200561e-06,0.0
ippo,57,sampled,9,0.392,0.005,0.0,-0.028635696187232596,0.8105612444851694,57.036265223887824,6.498518198728562e-07,0.0
ippo,58,greedy,0,0.9159999999999999,0.58,0.0,0.9881368659843124,0.9999989050651065,56.646256591439546,3.8568103790283206e-05,0.0
ippo,58,greedy,1,0.912,0.56,0.0,0.9861200633318343,0.9998787080784053,62.14122377214839,3.8854141235351564e-05,0.0
ippo,58,greedy,2,1.0,1.0,0.0,1.0,0.9999997997050221,66.79221213815148,3.81121940612793e-05,0.0
ippo,58,greedy,3,1.0,1.0,0.0,1.0,0.9999991892339958,69.36669498474997,3.952708053588867e-05,0.0
ippo,58,greedy,4,1.0,1.0,0.0,1.0,0.9999991622198007,70.59821137707418,3.803137969970703e-05,0.0
ippo,58,greedy,5,1.0,1.0,0.0,1.0,0.9999998181410179,75.51240716408421,3.755403137207031e-05,0.0
ippo,58,greedy,6,1.0,1.0,0.0,1.0,0.9999993799105102,75.98930985148318,3.823892211914062e-05,0.0
ippo,58,greedy,7,0.703,0.005,0.0,0.00042432194062385075,-0.1797217821283752,69.58381064145782,6.037013530731201e-06,0.0
ippo,58,greedy,8,0.9990000000000001,0.995,0.0,0.9959996019702473,0.999861448322841,76.61508638270169,4.126016235351562e-05,0.0
ippo,58,greedy,9,0.83,0.54,0.0,0.818072830328353,0.9962733617372527,51.86620596701228,3.505894470214844e-05,0.0
ippo,58,sampled,0,0.37000000000000005,0.0,0.0,-0.01940012771734489,0.42871561426720806,64.51870716960546,1.8662232756614684e-06,0.0
ippo,58,sampled,1,0.36900000000000005,0.0,0.0,-0.033616526715542036,0.1811173727494984,67.34699667152633,2.248129963874817e-06,0.0
ippo,58,sampled,2,0.39,0.0,0.0,-0.005165252289894845,0.20782972074185158,76.30894928908974,2.4661468982696534e-06,0.0
ippo,58,sampled,3,0.38,0.0,0.0,-0.012704647307192096,0.4565387600744186,75.49814141873598,3.0399556517601014e-06,0.0
ippo,58,sampled,4,0.373,0.0,0.0,0.06843333534245802,0.5287124529457987,75.33478592068658,3.3579519629478454e-06,0.0
ippo,58,sampled,5,0.38400000000000006,0.0,0.0,0.0005834418328583737,0.26784653432542127,76.63694272154416,4.905121397972107e-06,0.0
ippo,58,sampled,6,0.377,0.0,0.0,-0.009787371789793626,0.32709767704085063,76.96601652837691,4.173106241226196e-06,0.0
ippo,58,sampled,7,0.368,0.0,0.0,-0.014196815064768697,0.30943107666821745,74.83698256138094,2.961726987361908e-06,0.0
ippo,58,sampled,8,0.37000000000000005,0.0,0.0,-0.02297502360867417,0.16358829756472087,76.76932936256149,6.214044833183289e-06,0.0
ippo,58,sampled,9,0.385,0.0,0.0,-0.03584791095740611,0.45930868235555805,57.02041188415054,6.582828402519227e-07,0.0
ippo,59,greedy,0,1.0,1.0,0.0,0.9999999999999998,0.9999999999999991,51.22924034155958,3.8568103790283206e-05,0.0
ippo,59,greedy,1,1.0,1.0,0.0,0.9999999999999998,0.9999999999999997,57.284058266805786,3.8854141235351564e-05,0.0
ippo,59,greedy,2,1.0,1.0,0.0,0.9999999999999998,0.9999999999999994,62.028553261669956,3.81121940612793e-05,0.0
ippo,59,greedy,3,1.0,1.0,0.0,0.9999999999999998,0.9999999999999988,61.61116266455757,3.952708053588867e-05,0.0
ippo,59,greedy,4,1.0,1.0,0.0,0.9999999999999998,0.9999999999999986,66.66133389256106,3.803137969970703e-05,0.0
ippo,59,greedy,5,1.0,1.0,0.0,0.9999999999999998,0.9999999999999997,72.51520004957497,3.755403137207031e-05,0.0
ippo,59,greedy,6,1.0,1.0,0.0,0.9999999999999998,0.9999999999999984,72.94440973806657,3.823892211914062e-05,0.0
ippo,59,greedy,7,1.0,1.0,0.0,0.9999999999999998,0.9999999999999998,57.54090027970862,3.838074111938476e-05,0.0
ippo,59,greedy,8,1.0,1.0,0.0,0.9999999999999998,0.9999999999999984,74.43123054022632,4.126016235351562e-05,0.0
ippo,59,greedy,9,1.0,1.0,0.0,0.9999999999999998,0.9999999999999986,49.00917976327295,3.505894470214844e-05,0.0
ippo,59,sampled,0,0.38900000000000007,0.005,0.0,0.008830420873069976,0.7535783689877298,63.58476029662789,1.0044897019863128e-06,0.0
ippo,59,sampled,1,0.366,0.0,0.0,-0.0013719526335199434,0.2520480823013764,67.5459763085451,2.243695831298828e-06,0.0
ippo,59,sampled,2,0.366,0.0,0.0,-0.044826030657432334,0.16221190858496182,76.45108609652561,2.356189608573914e-06,0.0
ippo,59,sampled,3,0.37200000000000005,0.0,0.0,-0.020557906368136102,0.46866929758995485,74.97887012489163,2.939863610267639e-06,0.0
ippo,59,sampled,4,0.374,0.0,0.0,0.05466222138634737,0.42684104386097843,74.80762678866829,3.207823073863983e-06,0.0
ippo,59,sampled,5,0.38400000000000006,0.0,0.0,-0.008174749777498805,0.24359521668192974,76.74617032567059,4.892217683792114e-06,0.0
ippo,59,sampled,6,0.35900000000000004,0.0,0.0,-0.047405706902699865,0.2932544213888538,76.96601652837694,4.000464916229248e-06,0.0
ippo,59,sampled,7,0.36500000000000005,0.0,0.0,-0.02276375154901422,0.29774612102573167,74.83116039253312,2.17724848985672e-06,0.0
ippo,59,sampled,8,0.355,0.0,0.0,-0.0462114113919346,0.13918957206356644,76.76930932199897,5.6621863842010495e-06,0.0
ippo,59,sampled,9,0.38900000000000007,0.0,0.0,-0.010489433736820344,0.4531122787828276,57.18499957707079,6.084295928478241e-07,0.0
ippo,60,greedy,0,1.0,1.0,0.0,0.9999999999999998,0.9999999999999989,64.37720924548914,3.8568103790283206e-05,0.0
ippo,60,greedy,1,1.0,1.0,0.0,0.9999999999999998,0.9999999999999991,63.05368436030237,3.8854141235351564e-05,0.0
ippo,60,greedy,2,1.0,1.0,0.0,0.9999999999999998,0.9999999999999982,76.39643549402018,3.81121940612793e-05,0.0
ippo,60,greedy,3,1.0,1.0,0.0,0.9999999999999998,0.9999999999999982,76.61440000000007,3.952708053588867e-05,0.0
ippo,60,greedy,4,1.0,1.0,0.0,0.9999999999999998,0.9999999999999977,75.40876186384969,3.803137969970703e-05,0.0
ippo,60,greedy,5,1.0,1.0,0.0,0.9999999999999998,0.9999999999999977,76.84992,3.755403137207031e-05,0.0
ippo,60,greedy,6,1.0,1.0,0.0,0.9999999999999998,0.9999999999999979,77.03168,3.823892211914062e-05,0.0
ippo,60,greedy,7,1.0,1.0,0.0,0.9999999999999998,0.9999999999999979,69.40762160076478,3.838074111938476e-05,0.0
ippo,60,greedy,8,1.0,1.0,0.0,0.9999999999999998,0.9999999999999988,76.77312,4.126016235351562e-05,0.0
ippo,60,greedy,9,1.0,1.0,0.0,0.9999999999999998,0.999999999999998,52.40432772146324,3.505894470214844e-05,0.0
ippo,60,sampled,0,0.36200000000000004,0.0,0.0,-0.007125546194664187,0.5185540848077257,64.00532064075702,2.3803102970123293e-06,0.0
ippo,60,sampled,1,0.365,0.0,0.0,-0.006343529666217091,0.199423888022857,67.41102026528787,3.5882020235061658e-06,0.0
ippo,60,sampled,2,0.3760000000000001,0.0,0.0,-0.02716417926521648,0.12919548552279841,76.18058803935644,3.096513295173645e-06,0.0
ippo,60,sampled,3,0.37099999999999994,0.0,0.0,-0.03844810717604195,0.44473774420996814,75.5011151294827,3.1344725847244265e-06,0.0
ippo,60,sampled,4,0.361,0.0,0.0,0.045823030432553626,0.5031903701161107,74.56569852629453,3.6405808329582215e-06,0.0
ippo,60,sampled,5,0.38100000000000006,0.0,0.0,-0.008107588100085255,0.2649146542350894,76.73306691086549,5.666118502616883e-06,0.0
ippo,60,sampled,6,0.366,0.0,0.0,-0.014298645753571138,0.31230111714752773,76.97026231330422,4.512271142005921e-06,0.0
ippo,60,sampled,7,0.35900000000000004,0.0,0.0,-0.03183552898298119,0.2809156531882526,73.9721525747689,3.5792060613632203e-06,0.0
ippo,60,sampled,8,0.36,0.0,0.0,-0.0033898298611100804,0.16259753747451228,76.76930932199896,6.3951328039169314e-06,0.0
ippo,60,sampled,9,0.3760000000000001,0.0,0.0,-0.014941069353253506,0.4853339557153425,56.2438389524224,8.923299163579941e-07,0.0
ippo,61,greedy,0,0.846,0.43,0.0,0.15295878367125798,0.9797552977489257,64.67523610436939,5.838679790496826e-06,0.0
ippo,61,greedy,1,0.71,0.025,0.0,-0.035378666010812125,0.6560375470740698,64.76276465673983,4.897120475769043e-06,0.0
ippo,61,greedy,2,0.6169999999999999,0.015,0.0,-0.16502601201671271,0.5353757720976484,76.6963200394965,1.5324699878692627e-06,0.0
ippo,61,greedy,3,1.0,1.0,0.0,0.9999999999999998,0.9999999999999991,76.61440000000007,3.952708053588867e-05,0.0
ippo,61,greedy,4,0.6119999999999999,0.02,0.0,-0.16906986633475019,0.763028791553464,76.63616007755826,1.3898351192474366e-06,0.0
ippo,61,greedy,5,0.6069999999999999,0.015,0.0,-0.18238092501427366,0.6773843189262286,76.69376005376674,2.291015863418579e-06,0.0
ippo,61,greedy,6,0.6319999999999999,0.05,0.0,-0.11358914099543535,0.8718443769973735,76.87552003623121,2.3910825252532958e-06,0.0
ippo,61,greedy,7,0.794,0.08,0.0,0.058575599965237334,0.9024881625939315,69.41452708255828,1.0315320014953614e-05,0.0
ippo,61,greedy,8,0.6209999999999998,0.035,0.0,-0.14242070028757653,0.8587757787195139,76.60672005560215,2.707059144973755e-06,0.0
ippo,61,greedy,9,1.0,1.0,0.0,0.9999999999999998,0.9999999999999993,52.41178739859056,3.505894470214844e-05,0.0
ippo,61,sampled,0,0.37200000000000005,0.0,0.0,-0.02940896332162765,0.42949410975808966,63.94157568672823,1.863411259651184e-06,0.0
ippo,61,sampled,1,0.37799999999999995,0.0,0.0,-0.02026143165436531,0.18005747031825076,69.25451476633131,2.248130428791046e-06,0.0
ippo,61,sampled,2,0.38100000000000006,0.0,0.0,-0.008742895376742409,0.21032741128828417,76.38095457063038,2.77457035779953e-06,0.0
ippo,61,sampled,3,0.36900000000000005,0.0,0.0,-0.03906982990861555,0.48138780587728053,75.506489677188,3.204332113265991e-06,0.0
ippo,61,sampled,4,0.375,0.0,0.0,0.07544127248830665,0.48823876023343094,74.29643185270004,3.380197811126709e-06,0.0
ippo,61,sampled,5,0.38,0.0,0.0,-0.01684297536928988,0.25250746593335444,76.65617465935719,5.131673312187195e-06,0.0
ippo,61,sampled,6,0.36900000000000005,0.0,0.0,-0.03562213417812756,0.31156922162781664,77.00473267912734,4.186291122436524e-06,0.0
ippo,61,sampled,7,0.374,0.0,0.0,-0.009662360741326665,0.29060797696027885,75.9454126017283,2.9274884939193734e-06,0.0
ippo,61,sampled,8,0.36900000000000005,0.0,0.0,-0.011311818670600101,0.15126671440998268,76.76930932199897,6.268194437026978e-06,0.0
ippo,61,sampled,9,0.38400000000000006,0.0,0.0,-0.012156362504649968,0.5108379746022866,57.22696825365385,7.417386054992676e-07,0.0
