algo,family,backbone,algo_family,n_rows,final_step,steps_per_row,budget_target,reward_per_step_final_mean,reward_per_step_final_std,reward_per_episode_equiv,peak_ma_reward_per_step,peak_step,final_ma_reward_per_step,degradation,trend_label,slope_last25pct,convergence_step,embb_mbps_mean,spectral_eff_bps_hz,embb_p5_mbps,urllc_delay_ms_mean,urllc_delay_p95,urllc_delay_p99,urllc_drop_late_pct,urllc_drop_overflow_pct,sla_satisfaction_pct,timely_throughput_mbps,jains_fairness,lam_final,flag_urllc_starving,flag_low_sla,flag_degraded
central-dqn,baseline,,dqn,1000,199999,200.0,200000,1.07620191,0.43989231864905515,215.240382,1.2407565,77399,1.147775375,0.09298112500000011,improving,1.8818480218883474e-06,29999,7.582528239999999,0.7582528,1.68841129,1.0984222700000001,4.56,5.2,2.24024754,4.313524259999999,93.44622821000002,29.697248329999997,0.60117327,0.9316684199999997,False,False,True
central-dqn,baseline,,dqn,1000,199999,200.0,200000,1.036924865,0.42648221776929257,207.384973,1.19295,77199,1.0512216699999999,0.14172833000000007,improving,1.2192772809484954e-05,19599,7.3641275199999985,0.73641273,1.55994844,0.95160571,4.84,5.4,2.50274569,4.781571519999999,92.71568279000002,29.48712865,0.6103218899999999,0.9338174799999998,False,False,True
central-dqn,baseline,,dqn,1000,199999,200.0,200000,0.9214578050000002,0.4130465258864363,184.29156100000003,1.174881,76999,1.00577983,0.16910117000000002,plateau,8.424538818221048e-07,1599,6.742250439999999,0.67422507,0.09617441999999997,0.7268788700000001,4.41,5.34,2.5578921,4.47575935,92.96634851,29.587700760000004,0.7370459500000002,0.9343270499999998,False,False,True
central-dqn,baseline,,dqn,1000,199999,200.0,200000,0.9854414200000001,0.43725186029227325,197.08828400000002,1.208289,76799,1.0747594749999998,0.13352952500000015,improving,1.4449941352661608e-06,1399,7.089187429999999,0.7089187200000001,0.05775661000000001,0.8282358599999999,4.52,5.37,2.4119892000000003,4.28006481,93.30794596000001,29.681641339999995,0.6932592699999998,0.93358377,False,False,True
central-ppo_floornone,baseline,,ppo,1953,999935,512.0,1000000,1.1027051191907051,0.3198147113909984,220.54102383814103,1.1866494140625,436223,1.0953129377003206,0.09133647636217934,plateau,-2.1331650295236686e-07,17919,7.8478752871794875,0.7847875333333333,1.496673117948718,0.9221720564102565,6.087179487179487,8.577743589743589,2.631185635897436,5.335630733333334,92.03318362564103,29.28128883589744,0.6128789846153846,0.7979120410256412,False,False,True
central-ppo_floornone,baseline,,ppo,1953,999935,512.0,1000000,1.1104035897435898,0.31114167183796115,222.08071794871796,1.181133203125,436735,1.101972469951923,0.07916073317307681,plateau,-1.788662528713485e-07,19967,7.865780292307692,0.7865780153846154,1.6283500051282052,0.8920734512820512,5.815384615384615,8.948717948717949,2.5550878820512826,5.203939512820512,92.24097263076924,29.354596153846153,0.6019427025641025,0.8065029794871797,False,False,True
central-ppo_floornone,baseline,,ppo,1953,999935,512.0,1000000,1.1056993639823718,0.32030074464399033,221.13987279647435,1.1879921875,435711,1.098497619190705,0.08949456830929492,plateau,-1.2771551167254797e-07,19455,7.894681774358974,0.7894681384615385,1.5681053897435895,1.0324579692307692,6.323076923076923,9.076923076923077,2.797826071794872,5.637082728205128,91.56509126666664,29.116774487179487,0.6074790564102565,0.8209385948717948,False,False,True
central-ppo_floornone,baseline,,ppo,1953,999935,512.0,1000000,1.0897132061298076,0.3157334834588614,217.94264122596152,1.1663822265625,436223,1.0813697075320512,0.08501251903044871,plateau,-1.5161958032255315e-07,8703,7.824103184615385,0.7824102717948718,1.6233728923076924,1.0927901333333332,6.3076923076923075,8.938871794871794,2.824573353846154,5.524721707692307,91.65070495897436,29.124721410256413,0.6080098410256409,0.8750715897435898,False,False,True
central-ppo_floornone,baseline,,ppo,1953,999935,512.0,1000000,1.1074983914262821,0.3165155128955418,221.49967828525644,1.19319453125,435199,1.0985094200721155,0.09468511117788458,plateau,-1.6512227958009472e-07,3071,7.814486076923077,0.7814486102564102,1.456538205128205,0.7651055333333334,5.579487179487179,8.538461538461538,2.3116423743589745,4.90510458974359,92.78325304102565,29.555632979487182,0.6121471641025641,0.7894223846153845,False,False,True
central-ppo_floorstatic,baseline,,ppo,1953,999935,512.0,1000000,1.1182133303285255,0.3221481967841175,223.6426660657051,1.1982162109375,436223,1.1089018489583333,0.08931436197916676,plateau,-1.5322030255050964e-07,16895,7.8877672051282035,0.7887767025641027,1.631080687179487,0.7749394153846153,5.82051282051282,8.35897435897436,2.360142215384615,5.107070964102564,92.53278685128204,29.478035666666667,0.6028242512820512,0.7782463897435896,False,False,True
central-ppo_floorstatic,baseline,,ppo,1953,999935,512.0,1000000,1.107504834735577,0.3034538344631001,221.5009669471154,1.19051328125,436735,1.1000059314903847,0.09050734975961539,plateau,-2.0015021583281281e-07,19967,7.791289194871796,0.779128917948718,1.6033719794871795,0.7037185025641027,5.333333333333333,8.63076923076923,2.231964917948718,4.7733312461538455,92.99470389230768,29.634249302564104,0.6076514923076923,0.7648960820512821,False,False,True
central-ppo_floorstatic,baseline,,ppo,1953,999935,512.0,1000000,1.1186025881410255,0.31813343524315124,223.7205176282051,1.18957734375,435711,1.1122489072516026,0.07732843649839727,plateau,-1.8316581905091355e-07,19455,7.893552943589743,0.7893553025641026,1.4241543179487182,0.7834760769230769,5.815384615384615,8.76923076923077,2.351487369230769,5.1431147333333325,92.50539790769231,29.462967533333334,0.6091767846153847,0.7705327282051284,False,False,True
central-ppo_floorstatic,baseline,,ppo,1953,999935,512.0,1000000,1.1197952003205127,0.31646452293349153,223.95904006410254,1.1941849609375,436223,1.1127404427083334,0.08144451822916654,plateau,-1.9821730974434144e-07,17407,7.888655876923076,0.7888655692307692,1.6279787641025643,0.7790673538461539,5.728205128205128,8.507692307692308,2.3478716769230767,5.09613382051282,92.5559945025641,29.481495907692313,0.6035909948717949,0.7680065282051283,False,False,True
central-ppo_floorstatic,baseline,,ppo,1953,999935,512.0,1000000,1.1133222495993589,0.3191420242345821,222.66444991987177,1.1856671875,435199,1.1052516576522438,0.08041552984775624,plateau,-2.1697576055767043e-07,3071,7.862678092307693,0.7862677897435898,1.6098275025641025,0.777736041025641,5.666666666666667,8.58974358974359,2.3742069743589744,5.096621020512821,92.52917201538463,29.469531046153847,0.6085091128205128,0.7773819487179489,False,False,True
central-ppo,baseline,,ppo,1953,999935,512.0,1000000,1.1481175550881408,0.3086723842214744,229.62351101762818,1.2154103515625,436735,1.1414876402243588,0.07392271133814132,plateau,-1.4458576656801873e-07,19967,7.916753271794871,0.7916753435897436,1.5593214974358973,0.719467917948718,4.856410256410256,7.841025641025641,1.4329014410256409,3.473843046153846,95.09325551282052,30.301707302564104,0.5985342051282051,0.6625036512820512,False,False,True
central-ppo,baseline,,ppo,1953,999935,512.0,1000000,1.1388935697115388,0.3155710926989764,227.77871394230775,1.2042416015625,435711,1.1293849128605769,0.07485668870192308,plateau,-1.2001168526565915e-07,3583,7.869524605128205,0.7869524564102564,1.5056285282051285,0.6847753333333332,5.066666666666666,7.687179487179487,1.5137041948717949,3.603107748717949,94.88318812307695,30.241085230769226,0.6052881794871795,0.6752156410256411,False,False,True
central-ppo,baseline,,ppo,1953,999935,512.0,1000000,1.1401953786057692,0.31256894624950426,228.03907572115384,1.2200740234375,436223,1.1326141766826923,0.08745984675480778,plateau,-1.5179371756848393e-07,19455,7.874189220512821,0.7874189282051283,1.5563873435897435,0.7037041076923077,4.824358974358974,7.420512820512821,1.4470900923076921,3.4899193076923076,95.06299056410256,30.29399353333333,0.6035732256410257,0.6688827692307693,False,False,True
central-ppo,baseline,,ppo,1953,999935,512.0,1000000,1.1426584565304487,0.31842877334258896,228.53169130608975,1.212266015625,435199,1.1331320372596156,0.07913397836538438,plateau,-1.2576162236642615e-07,1535,7.887041271794874,0.7887041230769231,1.5153934051282052,0.6901190307692306,4.977692307692307,7.575948717948718,1.5026113282051285,3.582528994871794,94.91485967179489,30.24814514871795,0.6031647794871795,0.6702604512820513,False,False,True
gnn-madqn_gat,proposed,gat,dqn,1000,199999,200.0,200000,0.87880724,0.4206102142284141,175.761448,1.228607,77399,0.98592577,0.24268122999999997,degrading,-1.2100497211155415e-06,1799,6.40386978,0.6403870399999999,3.8159999999999994e-05,0.7052481800000001,4.1245,5.2761000000000005,2.59057466,4.581041779999999,92.82838356,29.54344243,0.75867872,0.93585314,False,False,True
gnn-madqn_gat,proposed,gat,dqn,1000,199999,200.0,200000,0.990214895,0.4180286127573105,198.042979,1.173696,3599,1.0713349849999998,0.10236101500000028,improving,1.3551567321077122e-06,1799,7.102562550000001,0.7102562599999999,0.07649071,0.8338234299999999,4.45,5.43,2.5143493,4.52430105,92.96134963000003,29.569992919999994,0.6827383900000001,0.9333859300000004,False,False,True
gnn-madqn_gat,proposed,gat,dqn,1000,199999,200.0,200000,1.0490595150000002,0.4252017804740677,209.81190300000003,1.301827,76999,1.137196335,0.164630665,plateau,6.656826995631898e-07,1599,7.419911110000002,0.7419910700000001,1.6887431499999999,0.95869004,4.69,5.4,2.35315609,4.4893217,93.15752218999998,29.628417809999995,0.60442207,0.9325302200000002,False,False,True
gnn-madqn_gat,proposed,gat,dqn,1000,199999,200.0,200000,1.0336698,0.41427681087187945,206.73396,1.306176,76799,1.1367028250000002,0.1694731749999998,improving,3.555890961455381e-06,1199,7.320989419999998,0.7320989800000001,1.4271969899999999,1.02245007,4.66,5.36,2.29974406,4.295335830000001,93.40492012,29.703719199999995,0.60801744,0.9338605299999999,False,False,True
gnn-madqn_sage_floornone,proposed,sage,dqn,1000,199999,200.0,200000,0.9923829800000001,0.464578034815815,198.47659600000003,1.275616,199,1.10135127,0.17426472999999998,improving,1.1087295291124626e-06,399,7.380946900000001,0.7380947299999999,1.59718856,0.9896586700000001,5.19,6.3702,4.291604230000001,6.86060483,88.84779093000002,28.220996990000003,0.61602083,1.01798331,False,True,True
gnn-madqn_sage_floornone,proposed,sage,dqn,1000,199999,200.0,200000,0.978180115,0.4191583704781932,195.636023,1.2558369999999999,77399,1.0777451449999997,0.17809185500000013,improving,3.3224307521720327e-06,20399,7.2695808799999995,0.7269581400000001,1.7089565799999997,1.12846754,5.73,6.92,4.22435786,7.434485100000002,88.34115701,28.04885278,0.6093045099999999,0.9710160399999999,False,True,True
gnn-madqn_sage_floornone,proposed,sage,dqn,1000,199999,200.0,200000,1.01345699,0.46015248344825316,202.691398,1.214427,72999,1.094334165,0.1200928349999999,improving,1.7602146997551925e-06,1799,7.56447862,0.75644791,1.6789527499999999,1.5329479999999998,6.47,7.43,3.83644403,8.55215726,87.61139874,27.7875681,0.60304958,0.99345629,False,True,True
gnn-madqn_sage_floornone,proposed,sage,dqn,1000,199999,200.0,200000,1.0194485349999998,0.42647945240870777,203.88970699999996,1.188634,63999,1.0774488549999999,0.1111851450000001,improving,1.2606813113809795e-06,1399,7.3643366000000015,0.7364336699999998,1.72499719,0.8809658699999998,4.91,6.27,2.9613577399999995,5.60717874,91.43146353,29.091590970000002,0.6098729399999999,1.00121782,False,False,True
gnn-madqn_sage_floornone,proposed,sage,dqn,1000,199999,200.0,200000,0.9343736799999998,0.4350263604616651,186.87473599999996,1.187128,1399,1.01988721,0.16724078999999992,plateau,-7.50981931550908e-07,199,7.183137449999999,0.71831373,1.6033530899999997,1.2863632699999998,5.57,7.1903,5.990220189999999,8.67569162,85.33408816,27.077739479999995,0.61336607,0.97767047,False,True,True
gnn-madqn_sage_floorstatic,proposed,sage,dqn,1000,199999,200.0,200000,1.0355987,0.45020729135150617,207.11974,1.274559,77599,1.1143960000000002,0.16016299999999983,improving,2.500923152690441e-06,399,7.521974390000001,0.7521974699999998,1.5107396499999999,0.9303345800000001,5.01,6.1,3.14193962,6.16477047,90.69328992000001,28.826909550000003,0.6100107699999999,0.9670227999999998,False,False,True
gnn-madqn_sage_floorstatic,proposed,sage,dqn,1000,199999,200.0,200000,1.0258774349999997,0.461690767922793,205.17548699999995,1.269453,77399,1.11853226,0.1509207399999999,improving,1.6705229520472305e-06,19999,7.67378158,0.7673782000000001,1.70474395,1.6138328300000004,6.68,7.68,4.118620599999999,9.15548655,86.7258928,27.483396680000002,0.59848407,0.9632075799999998,False,True,True
gnn-madqn_sage_floorstatic,proposed,sage,dqn,1000,199999,200.0,200000,1.0135515200000003,0.46784870372485765,202.71030400000006,1.2304935000000001,31599,1.0484055150000002,0.1820879849999999,plateau,-6.281686305380919e-07,1799,7.56711765,0.75671178,1.6604114400000003,1.5663258,6.31,7.33,3.9966087900000002,8.878761939999999,87.12462925,27.639129870000005,0.60020461,0.9638509099999999,False,True,True
gnn-madqn_sage_floorstatic,proposed,sage,dqn,1000,199999,200.0,200000,1.0287376499999998,0.4387812030718471,205.74752999999995,1.310071,76999,1.11680204,0.19326895999999993,improving,1.6079497892766242e-06,1599,7.523049970000001,0.7523050600000001,1.7209090900000001,1.15082232,5.72,6.74,3.30162248,6.919845050000001,89.77853252999998,28.52353108,0.6024096800000001,0.96428951,False,True,True
gnn-madqn_sage_floorstatic,proposed,sage,dqn,1000,199999,200.0,200000,0.984118375,0.43068902619465693,196.823675,1.2816139999999998,76799,1.0913963599999998,0.19021763999999997,improving,1.7661371986751756e-06,999,7.30642752,0.73064279,1.65600712,1.3366042800000002,6.09,7.36,3.61157512,7.830964369999999,88.55746051999999,28.10437412,0.61024521,0.9684839599999998,False,True,True
gnn-madqn_sage,proposed,sage,dqn,1000,199999,200.0,200000,1.0745847350000002,0.4442115390759703,214.91694700000005,1.3114340000000002,77399,1.1178175449999999,0.19361645500000035,plateau,9.960560111361744e-07,19999,7.57837902,0.7578379,1.6128903499999998,1.05841943,4.58,5.17,2.26764074,4.343447229999999,93.38891203000003,29.681890399999993,0.6000281199999999,0.9335193599999999,False,False,True
gnn-madqn_sage,proposed,sage,dqn,1000,199999,200.0,200000,1.0281762399999999,0.4808724806429376,205.63524799999996,1.3046215,77199,1.1445823600000002,0.16003913999999986,plateau,9.460661104977647e-07,29799,7.291904339999999,0.7291904300000001,1.5356857699999997,1.02793251,4.64,5.2096,2.30749557,4.36464376,93.32786073,29.675045519999998,0.61852208,0.9320004399999999,False,False,True
gnn-madqn_sage,proposed,sage,dqn,1000,199999,200.0,200000,1.0464655800000002,0.48204768178765117,209.29311600000005,1.3261744999999998,76999,1.148435645,0.17773885499999986,improving,2.432720319685111e-06,19999,7.39351578,0.7393515899999998,1.5730860000000002,1.00766417,4.57,5.31,2.27145652,4.2080936300000005,93.52044983999998,29.740709309999996,0.61055134,0.9323256900000001,False,False,True
gnn-madqn_sage,proposed,sage,dqn,1000,199999,200.0,200000,1.04658114,0.4327672239664129,209.316228,1.288516,76799,1.14596778,0.1425482199999999,improving,3.023150374885996e-06,1199,7.411521520000001,0.7411521999999999,1.6885066599999998,0.98138939,4.88,5.47,2.44330487,4.549081510000001,93.00761361,29.581238090000003,0.6020067499999999,0.93420499,False,False,True
gnn-mappo_gat_floornone,proposed,gat,ppo,1953,999935,512.0,1000000,1.2019031380208334,0.3128641583910598,240.38062760416668,1.287171484375,436223,1.2017566035657052,0.08541488080929471,plateau,-2.1987446344660528e-07,3583,8.281680856410256,0.8281680871794871,5.3230769230769235e-06,0.8340132461538462,4.066666666666666,7.364102564102564,0.7811578051282051,2.313723353846154,96.90511886666668,30.85462365128205,0.5313522307692308,0.606533882051282,False,False,True
gnn-mappo_gat_floornone,proposed,gat,ppo,1953,999935,512.0,1000000,1.1695026602564103,0.2934440686124644,233.90053205128206,1.286514453125,436735,1.1781526021634616,0.10836185096153828,degrading,-2.8878979199411727e-07,3583,8.058845533333333,0.805884523076923,0.22583805641025637,0.6868315333333332,3.841025641025641,7.3166153846153845,0.9086896820512821,2.308423692307692,96.78288668205128,30.844997158974362,0.5528414923076923,0.5953950717948718,False,False,True
gnn-mappo_gat_floornone,proposed,gat,ppo,1953,999935,512.0,1000000,1.1969326462339742,0.3109824382973716,239.38652924679485,1.2600173828125,435711,1.1867433022836538,0.07327408052884632,plateau,-1.4902176490341642e-07,3583,8.147975476923076,0.8147975794871795,1.3607794564102564,0.9671628564102563,4.123076923076923,7.167333333333334,0.5144280564102564,1.9327843794871797,97.55278759487179,31.04063208205128,0.5701633282051282,0.5763422153846154,False,False,True
gnn-mappo_gat_floornone,proposed,gat,ppo,1953,999935,512.0,1000000,1.1967194501201923,0.30755766311740496,239.34389002403847,1.32354296875,436223,1.1835945512820514,0.13994841746794862,plateau,3.968026383498606e-08,3071,8.193135430769232,0.8193135435897436,0.0009629589743589743,0.7649126512820513,3.7897435897435896,7.0468717948717945,0.7046244871794871,2.017136164102564,97.27823935384616,30.98977896923077,0.546798358974359,0.5830235948717949,False,False,True
gnn-mappo_gat_floornone,proposed,gat,ppo,1953,999935,512.0,1000000,1.1869887580128204,0.30851738762482633,237.39775160256409,1.2693544921875,435199,1.1906210376602564,0.07873345452724356,plateau,-1.240735145753955e-07,1535,8.182982584615385,0.818298246153846,6.523076923076923e-06,0.6299530102564103,3.882051282051282,7.507692307692308,1.1123095641025642,2.5917680666666665,96.2959223897436,30.691900117948723,0.5414838717948717,0.6187433435897436,False,False,True
gnn-mappo_gat_floorstatic,proposed,gat,ppo,1953,999935,512.0,1000000,1.1982385216346152,0.32150639663533126,239.64770432692305,1.256473046875,436223,1.1911461318108976,0.06532691506410249,plateau,-1.5503943699690133e-08,4095,8.361056348717948,0.8361056769230769,0.0674433846153846,0.7492214205128205,4.805128205128205,7.938461538461539,1.572310394871795,3.487450364102564,94.94023921538461,30.239410989743593,0.5159436564102564,0.6520964923076923,False,False,True
gnn-mappo_gat_floorstatic,proposed,gat,ppo,1953,999935,512.0,1000000,1.161947904647436,0.28569547454331057,232.38958092948718,1.2760701171875,436735,1.1591680608974357,0.11690205629006423,plateau,-2.0493465011882673e-07,3583,8.07818961025641,0.8078189794871794,6.712820512820513e-06,0.5624303230769231,3.809230769230769,7.743589743589744,1.4041274871794869,2.9265202974358977,95.66935218974358,30.505259728205125,0.5369608205128205,0.6605244717948718,False,False,True
gnn-mappo_gat_floorstatic,proposed,gat,ppo,1953,999935,512.0,1000000,1.195983462540064,0.3150906395281046,239.1966925080128,1.281943359375,435711,1.191051351161859,0.09089200821314103,plateau,-1.4556229785476052e-07,3583,8.277137020512821,0.8277136615384615,4.841025641025641e-06,0.6562247897435897,4.415384615384616,7.994871794871795,1.523705092307692,3.249225169230769,95.22706976410257,30.34712996923077,0.5337846102564102,0.646051805128205,False,False,True
gnn-mappo_gat_floorstatic,proposed,gat,ppo,1953,999935,512.0,1000000,1.1859622365785256,0.3014518977201932,237.19244731570512,1.2585,436223,1.1767915665064101,0.0817084334935898,degrading,-3.0081915826815653e-07,3071,8.255121548717948,0.8255121692307694,3.3692307692307695e-06,0.5739226923076923,3.9384615384615387,7.4051282051282055,1.3770785538461539,2.9434361846153845,95.67948532820513,30.503624938461535,0.49680467692307695,0.6458664256410256,False,False,True
gnn-mappo_gat_floorstatic,proposed,gat,ppo,1953,999935,512.0,1000000,1.202627686298077,0.31583630473377733,240.5255372596154,1.2595892578125,95743,1.1902901642628205,0.06929909354967956,plateau,-1.0182433638404552e-07,1535,8.349879887179487,0.8349879948717948,0.017320866666666667,0.7344167128205127,4.5948717948717945,8.138461538461538,1.5474122205128205,3.308743353846154,95.14384438974356,30.31009583589743,0.5225429333333333,0.6472009025641026,False,False,True
gnn-mappo_gat,proposed,gat,ppo,1953,999935,512.0,1000000,1.1630579897836537,0.3053219726773686,232.61159795673075,1.263200390625,436735,1.1537614793669873,0.10943891125801275,plateau,-1.3045718956052793e-07,3583,8.007163435897436,0.800716358974359,0.7126833333333333,0.6047167282051283,4.302564102564102,7.825641025641025,1.4929425897435895,3.346483615384616,95.16057377948718,30.33917513846154,0.5643021948717949,0.6386933743589743,False,False,True
gnn-mappo_gat,proposed,gat,ppo,1953,999935,512.0,1000000,1.1965797516025642,0.31703840096324837,239.31595032051285,1.259919921875,96255,1.1943557932692308,0.0655641286057691,plateau,9.929173389619004e-08,3583,8.268950348717949,0.8268950358974358,4.851282051282052e-06,0.6595103794871795,4.553846153846154,7.394871794871795,1.2670797846153845,2.97847898974359,95.75444124615383,30.519468189743595,0.5310324769230769,0.6454764820512822,False,False,True
gnn-mappo_gat,proposed,gat,ppo,1953,999935,512.0,1000000,1.1665766826923076,0.30804006759918123,233.31533653846154,1.2474654296875,436223,1.1646374669471153,0.08282796274038473,plateau,-1.9613228353084078e-08,3071,8.051578958974359,0.8051579179487179,0.2089786717948718,0.6013394820512821,4.276923076923077,7.420512820512821,1.397970164102564,3.1809847435897436,95.42104510256412,30.420304712820514,0.5560980307692308,0.6395604051282051,False,False,True
gnn-mappo_gat,proposed,gat,ppo,1953,999935,512.0,1000000,1.1706143820112178,0.3119674251525522,234.12287640224355,1.2673150390625,435199,1.1544204777644234,0.11289456129807673,plateau,-2.2618673470540324e-07,1535,8.070048764102564,0.8070048564102564,6.482051282051281e-06,0.5948703897435897,4.205128205128205,7.435897435897436,1.3672008974358973,3.072280912820513,95.5605181948718,30.465299292307687,0.5448059846153847,0.6320456410256411,False,False,True
gnn-mappo_sage,proposed,sage,ppo,1953,999935,512.0,1000000,1.161388099959936,0.30691271442928686,232.2776199919872,1.2808921875,436735,1.1510314232772436,0.12986076422275628,plateau,-1.296440604425911e-07,3583,7.980552338461538,0.7980552358974359,1.526192676923077,0.6281489897435897,4.364102564102564,7.764102564102564,1.4349617846153846,3.284321066666667,95.28071715897435,30.373846692307694,0.578003841025641,0.6390967230769231,False,False,True
gnn-mappo_sage,proposed,sage,ppo,1953,999935,512.0,1000000,1.1591537149439102,0.30358704451433244,231.83074298878205,1.2465056640625,435711,1.1557325951522437,0.09077306891025638,degrading,-2.385510280435119e-07,3583,8.027986174358974,0.8027986615384616,4.261538461538462e-06,0.5567703487179487,4.153846153846154,7.579487179487179,1.4773537230769231,3.2202525230769226,95.30239375897436,30.388956276923075,0.5239429743589744,0.6412336666666667,False,False,True
gnn-mappo_sage,proposed,sage,ppo,1953,999935,512.0,1000000,1.1800874298878206,0.3041009627493064,236.01748597756412,1.23962421875,942591,1.1798460396634616,0.059778179086538374,plateau,1.5927231513687979e-07,3071,8.197252276923075,0.819725235897436,3.692307692307692e-06,0.5871553128205128,4.148717948717949,7.161333333333333,1.2912175076923076,2.9231533538461543,95.7856291076923,30.540813553846153,0.506785282051282,0.6475781076923076,False,False,False
gnn-mappo_sage,proposed,sage,ppo,1953,999935,512.0,1000000,1.1720262890625,0.31582863140688494,234.4052578125,1.2514544921875,435199,1.1633843299278845,0.08807016225961539,plateau,-1.4011381161597727e-07,1535,8.079137758974358,0.8079137794871796,0.6189778153846154,0.6291224051282052,4.507692307692308,7.564102564102564,1.4125998923076923,3.2383405333333335,95.34905959999999,30.394775133333333,0.5601954307692307,0.6478134923076924,False,False,True
idqn_floornone,baseline,,dqn,1000,199999,200.0,200000,1.02114665,0.449806626697904,204.22932999999998,1.327659,199,1.09813449,0.22952450999999985,improving,1.4115026870829915e-06,399,7.41779242,0.7417792400000001,1.6560528699999997,1.04494443,5.15,6.1784,3.1582255999999997,6.44426795,90.39750640999999,28.718833490000005,0.6084045499999999,0.9621638000000003,False,False,True
idqn_floornone,baseline,,dqn,1000,199999,200.0,200000,1.024420135,0.35775708315124144,204.884027,1.2046575,77399,1.1009802149999999,0.10367728500000006,improving,1.7347793884702137e-06,24799,7.625623790000001,0.76256239,5.469999999999999e-06,0.87644835,5.01,7.11,2.6315888600000004,4.68525301,92.68315811000001,29.46162181,0.62439332,0.9568092299999997,False,False,True
idqn_floornone,baseline,,dqn,1000,199999,200.0,200000,1.02847782,0.45035609481078703,205.695564,1.2845259999999998,77199,1.11757932,0.1669466799999999,improving,1.19462145154322e-06,24599,7.54231506,0.75423152,1.5942712,1.18361031,5.83,6.94,3.40484667,7.139032359999998,89.45612089999999,28.411875440000003,0.6025892000000002,0.96277593,False,True,True
idqn_floornone,baseline,,dqn,1000,199999,200.0,200000,1.012759935,0.46391455735004505,202.551987,1.2883779999999998,76999,1.090549685,0.19782831499999975,improving,1.1360261546584722e-06,1599,7.440960670000002,0.74409611,1.6201473899999999,1.16783208,5.86,6.97,3.35129682,7.0425664900000005,89.60613668000002,28.460237969999998,0.60619726,0.9710888099999997,False,True,True
idqn_floornone,baseline,,dqn,1000,199999,200.0,200000,0.980255325,0.4331473057692116,196.051065,1.2801654999999998,76799,1.0882641299999998,0.19190137000000007,plateau,7.761555061680943e-07,799,7.10771755,0.7107717800000001,1.6767622899999999,0.8087544599999998,4.87,6.0011,3.2300330500000003,5.751230059999999,91.01873687999998,28.94547227999999,0.6145361800000001,0.9746628399999999,False,False,True
idqn_floorstatic,baseline,,dqn,1000,199999,200.0,200000,1.0427102750000001,0.3832085553638278,208.54205500000003,1.3139135,199,1.1208571649999999,0.19305633500000008,improving,1.2291500888014175e-06,399,7.602596340000002,0.7602596300000002,1.0489999999999998e-05,0.80257151,4.8635,6.37,2.833155310000001,5.128365669999999,92.03847902000001,29.263367330000005,0.59915472,0.9458663300000002,False,False,True
idqn_floorstatic,baseline,,dqn,1000,199999,200.0,200000,1.00878508,0.40116749083253694,201.757016,1.229208,77399,1.09622376,0.1329842400000001,improving,1.2093569183506903e-06,25399,7.757536340000001,0.7757536700000002,0.00957143,1.00321221,5.61,7.6162,4.6048886200000005,7.2764264500000015,88.11868491000001,27.994460200000002,0.5642782000000001,0.9875462099999999,False,True,True
idqn_floorstatic,baseline,,dqn,1000,199999,200.0,200000,1.002051845,0.4338248819291933,200.410369,1.2647485,77199,1.0849469599999997,0.17980154000000037,plateau,9.452467757884089e-07,1999,7.209661350000001,0.7209661199999999,1.63117352,0.8018818200000001,4.65,5.8,2.9441404799999997,5.4456373099999995,91.6102222,29.152452370000006,0.6136884,0.9581801300000001,False,False,True
idqn_floorstatic,baseline,,dqn,1000,199999,200.0,200000,0.9968478399999999,0.4327361074580031,199.369568,1.256418,76999,1.0942677849999998,0.16215021500000026,plateau,5.581932866125797e-07,1599,7.22548097,0.7225481000000002,1.59086141,0.9465550399999999,5.2,6.438400000000001,3.1489855900000006,5.92567335,90.92534104999999,28.918099030000004,0.6095575200000001,0.9630898299999999,False,False,True
idqn_floorstatic,baseline,,dqn,1000,199999,200.0,200000,1.01948506,0.45046230270154836,203.89701200000002,1.276185,76799,1.1098746,0.16631039999999997,improving,1.6947175558008899e-06,999,7.451441559999999,0.74514415,1.6093842900000002,1.1482157899999998,5.71,6.8,3.34138676,7.018364340000001,89.64024883,28.489501669999992,0.6072734900000001,0.9619270600000002,False,True,True
idqn,baseline,,dqn,1000,199999,200.0,200000,0.992211265,0.36630293335431713,198.442253,1.1795725,175399,1.077698045,0.10187445499999992,plateau,9.542197715163413e-07,19799,7.268134740000001,0.7268134400000001,0.0016218000000000003,0.66569795,4.09,5.51,2.7633005500000003,4.441710179999999,92.79498929000002,29.543446830000004,0.58754484,0.9350529599999998,False,False,True
idqn,baseline,,dqn,1000,199999,200.0,200000,1.039011015,0.43864636186329214,207.80220300000002,1.295662,77199,1.119171685,0.17649031500000012,plateau,1.0876490491047813e-06,19399,7.3520347600000004,0.73520348,1.6504591899999996,0.9505695699999999,4.42,5.24,2.39141441,4.38316266,93.22542295000002,29.641134769999997,0.6098561399999999,0.93394777,False,False,True
idqn,baseline,,dqn,1000,199999,200.0,200000,1.02688139,0.3628048586326993,205.376278,1.205739,65599,1.066204205,0.13953479499999988,improving,1.5664462285796565e-06,1399,7.47827935,0.7478279099999999,0.0253383,0.6944629999999999,4.2,5.5714999999999995,2.6077453499999996,4.30591441,93.08634027999999,29.637080770000008,0.60217358,0.93279709,False,False,True
idqn,baseline,,dqn,1000,199999,200.0,200000,1.026653555,0.44980608637200475,205.330711,1.3282654999999999,76799,1.124092465,0.20417303499999995,improving,1.9143320664330592e-06,1199,7.283978360000001,0.72839782,1.6030608800000001,0.9537939400000001,4.62,5.45,2.4201094,4.51508056,93.06481009999999,29.607211410000005,0.6115664199999999,0.9371556499999998,False,False,True
ippo,baseline,,ppo,1953,999935,512.0,1000000,1.1807315504807692,0.2937842656004495,236.14631009615383,1.2674005859375,436735,1.174809671474359,0.09259091446314094,plateau,-1.3371313172305025e-07,3583,8.2196936,0.821969394871795,3.6307692307692304e-06,0.5713505487179487,4.0717948717948715,7.748717948717949,1.4911379794871795,3.2140083384615385,95.29485371282051,30.38450817948718,0.500741958974359,0.6457104615384616,False,False,True
ippo,baseline,,ppo,1953,999935,512.0,1000000,1.1892459625400642,0.3090596876230335,237.84919250801283,1.2647681640625,435711,1.1831788631810898,0.08158930088141014,plateau,-1.5764533043508198e-07,3583,8.243415292307692,0.8243415435897435,4.246153846153846e-06,0.5790756205128206,4.266410256410257,7.394871794871795,1.3596427846153845,3.0621000615384615,95.5782571076923,30.472547415384618,0.5175454102564102,0.635492123076923,False,False,True
ippo,baseline,,ppo,1953,999935,512.0,1000000,1.1761408283253205,0.30369529526416955,235.2281656650641,1.2636138671875,436223,1.1717016486378207,0.09191221854967924,plateau,-1.6285962957265533e-07,3071,8.159250348717949,0.8159250153846154,4.246153846153846e-06,0.5628213282051283,4.112820512820512,7.256410256410256,1.381689994871795,3.075509174358974,95.54280081538462,30.465346605128204,0.5200269538461538,0.6368976307692308,False,False,True
ippo,baseline,,ppo,1953,999935,512.0,1000000,1.1885642427884617,0.30677811420383505,237.71284855769235,1.26388046875,435199,1.1828976462339744,0.08098282251602562,plateau,-1.281777817374554e-07,1535,8.2660398,0.8266040051282051,3.2666666666666666e-06,0.5665856153846154,4.157179487179487,7.4974358974358974,1.4002439025641025,3.091098687179488,95.5086574153846,30.453455169230768,0.4928505846153846,0.6383394,False,False,True
